id,seed_word,emotion_labels,polarity_labels,primary_emotion,generated_sentence,style_register,length_bucket,length_rule,language,llm_model,prompt_version,generation_round,n_words
0,abolish,"[""anger""]","[""negative""]",anger,He wanted to abolish the rule immediately with great force.,plain_narrative,short,10-22 words; simple syntax,en,qwen/qwen3-4b-2507,v9-gemma-local-strict-json,1,10
1,adversary,"[""anger""]","[""negative""]",anger,That person became a fierce adversary in the competition.,plain_narrative,short,10-22 words; simple syntax,en,qwen/qwen3-4b-2507,v9-gemma-local-strict-json,1,9
2,aggravated,"[""anger""]","[""negative""]",anger,The constant noise greatly aggravated my patience today.,plain_narrative,short,10-22 words; simple syntax,en,qwen/qwen3-4b-2507,v9-gemma-local-strict-json,1,8
3,agitated,"[""anger""]","[""negative""]",anger,He looked visibly agitated after the sudden unexpected criticism.,plain_narrative,short,10-22 words; simple syntax,en,qwen/qwen3-4b-2507,v9-gemma-local-strict-json,1,9
4,anger,"[""anger""]","[""negative""]",anger,His sudden anger caused him to slam the door shut loudly now.,plain_narrative,short,10-22 words; simple syntax,en,qwen/qwen3-4b-2507,v9-gemma-local-strict-json,1,12
5,animus,"[""anger""]","[""negative""]",anger,The deep animus fueled his desire to confront the person directly.,plain_narrative,short,10-22 words; simple syntax,en,qwen/qwen3-4b-2507,v9-gemma-local-strict-json,1,11
6,annoying,"[""anger""]","[""negative""]",anger,That constant noise is truly annoying me right now. I find this situation extremely annoying. The persistent buzzing is very annoying today.,plain_narrative,short,10-22 words; simple syntax,en,qwen/qwen3-4b-2507,v9-gemma-local-strict-json,1,22
7,antithesis,"[""anger""]","[""negative""]",anger,His harsh words were an antithesis to my calm nature. This sharp contrast is deeply annoying. The opposing ideas create such an annoying tension.,plain_narrative,short,10-22 words; simple syntax,en,qwen/qwen3-4b-2507,v9-gemma-local-strict-json,1,24
8,argue,"[""anger""]","[""negative""]",anger,He started to argue loudly about the broken toy immediately.,plain_narrative,short,10-22 words; simple syntax,en,qwen/qwen3-4b-2507,v9-gemma-local-strict-json,1,10
9,arguments,"[""anger""]",[],anger,The constant arguments escalated until everyone was shouting.,plain_narrative,short,10-22 words; simple syntax,en,qwen/qwen3-4b-2507,v9-gemma-local-strict-json,1,8
10,avenger,"[""anger""]","[""negative""]",anger,The avenger shouted loudly when the injustice occurred today.,plain_narrative,short,10-22 words; simple syntax,en,qwen/qwen3-4b-2507,v9-gemma-local-strict-json,1,9
11,badger,"[""anger""]","[""negative""]",anger,That angry badger scratched the fence post with its claws.,plain_narrative,short,10-22 words; simple syntax,en,qwen/qwen3-4b-2507,v9-gemma-local-strict-json,1,10
12,barb,"[""anger""]","[""negative""]",anger,The sharp barb cut deep into his skin during the argument.,plain_narrative,short,10-22 words; simple syntax,en,qwen/qwen3-4b-2507,v9-gemma-local-strict-json,1,11
13,bark,"[""anger""]","[""negative""]",anger,The dog let out a loud bark when it sensed the threat.,plain_narrative,short,10-22 words; simple syntax,en,qwen/qwen3-4b-2507,v9-gemma-local-strict-json,1,12
14,barrier,"[""anger""]","[""negative""]",anger,The metal barrier stopped all our progress immediately and harshly.,plain_narrative,short,10-22 words; simple syntax,en,qwen/qwen3-4b-2507,v9-gemma-local-strict-json,1,10
15,battalion,"[""anger""]",[],anger,The entire battalion marched forward with intense and frustrated aggression.,plain_narrative,short,10-22 words; simple syntax,en,qwen/qwen3-4b-2507,v9-gemma-local-strict-json,1,10
16,battery,"[""anger""]","[""negative""]",anger,"The dead battery caused a loud, sudden explosion in the device.",plain_narrative,short,10-22 words; simple syntax,en,qwen/qwen3-4b-2507,v9-gemma-local-strict-json,1,11
17,battle,"[""anger""]","[""negative""]",anger,They started a fierce battle over the last remaining piece of equipment.,plain_narrative,short,10-22 words; simple syntax,en,qwen/qwen3-4b-2507,v9-gemma-local-strict-json,1,12
18,bellows,"[""anger""]",[],anger,The loud bellows shook the entire metal structure violently now.,plain_narrative,short,10-22 words; simple syntax,en,qwen/qwen3-4b-2507,v9-gemma-local-strict-json,1,10
19,berserk,"[""anger""]","[""negative""]",anger,He acted berserk when the unfair decision was finally announced.,plain_narrative,short,10-22 words; simple syntax,en,qwen/qwen3-4b-2507,v9-gemma-local-strict-json,1,10
20,bias,"[""anger""]","[""negative""]",anger,His unfair bias caused a huge argument with the manager today.,plain_narrative,short,10-22 words; simple syntax,en,qwen/qwen3-4b-2507,v9-gemma-local-strict-json,1,11
21,birthplace,"[""anger""]","[""negative""]",anger,The constant criticism targeted his entire birthplace during the meeting.,plain_narrative,short,10-22 words; simple syntax,en,qwen/qwen3-4b-2507,v9-gemma-local-strict-json,1,10
22,blasphemy,"[""anger""]","[""negative""]",anger,His harsh words were pure blasphemy against everything sacred now.,plain_narrative,short,10-22 words; simple syntax,en,qwen/qwen3-4b-2507,v9-gemma-local-strict-json,1,10
23,blaze,"[""anger""]","[""negative""]",anger,The fire produced a terrible blaze that ruined the entire structure.,plain_narrative,short,10-22 words; simple syntax,en,qwen/qwen3-4b-2507,v9-gemma-local-strict-json,1,11
24,bout,"[""anger""]","[""negative""]",anger,He threw a furious bout during the intense competition match now.,plain_narrative,short,10-22 words; simple syntax,en,qwen/qwen3-4b-2507,v9-gemma-local-strict-json,1,11
25,boxing,"[""anger""]",[],anger,The boxing match ended with a harsh and angry conclusion today.,plain_narrative,short,10-22 words; simple syntax,en,qwen/qwen3-4b-2507,v9-gemma-local-strict-json,1,11
26,brazen,"[""anger""]","[""negative""]",anger,The brazen thief stole the valuable item right from under my nose.,plain_narrative,short,10-22 words; simple syntax,en,qwen/qwen3-4b-2507,v9-gemma-local-strict-json,1,12
27,broil,"[""anger""]","[""negative""]",anger,The cooking pot began to broil dangerously on the hot stove burner.,plain_narrative,short,10-22 words; simple syntax,en,qwen/qwen3-4b-2507,v9-gemma-local-strict-json,1,12
28,brunt,"[""anger""]","[""negative""]",anger,The heavy brunt of the impact shook the entire structure violently now.,plain_narrative,short,10-22 words; simple syntax,en,qwen/qwen3-4b-2507,v9-gemma-local-strict-json,1,12
29,buffet,"[""anger""]","[""negative""]",anger,He slammed his fist down on the table like a furious buffet of rage.,plain_narrative,short,10-22 words; simple syntax,en,qwen/qwen3-4b-2507,v9-gemma-local-strict-json,1,14
30,chaotic,"[""anger""]","[""negative""]",anger,The room became chaotic when the boxes fell over loudly now.,plain_narrative,short,10-22 words; simple syntax,en,qwen/qwen3-4b-2507,v9-gemma-local-strict-json,1,11
31,clash,"[""anger""]","[""negative""]",anger,The metal parts made a loud clash during the sudden impact.,plain_narrative,short,10-22 words; simple syntax,en,qwen/qwen3-4b-2507,v9-gemma-local-strict-json,1,11
32,complaint,"[""anger""]","[""negative""]",anger,His loud complaint made everyone around him very angry now.,plain_narrative,short,10-22 words; simple syntax,en,qwen/qwen3-4b-2507,v9-gemma-local-strict-json,1,10
33,complicate,"[""anger""]","[""negative""]",anger,Trying to complicate the simple task only increased my intense anger.,plain_narrative,short,10-22 words; simple syntax,en,qwen/qwen3-4b-2507,v9-gemma-local-strict-json,1,11
34,compress,"[""anger""]",[],anger,He tried to compress the air with his tight fists in frustration.,plain_narrative,short,10-22 words; simple syntax,en,qwen/qwen3-4b-2507,v9-gemma-local-strict-json,1,12
35,condemn,"[""anger""]","[""negative""]",anger,"She will condemn his actions with harsh, angry words now.",plain_narrative,short,10-22 words; simple syntax,en,qwen/qwen3-4b-2507,v9-gemma-local-strict-json,1,10
36,confront,"[""anger""]",[],anger,He chose to confront the issue directly with his manager today.,plain_narrative,short,10-22 words; simple syntax,en,qwen/qwen3-4b-2507,v9-gemma-local-strict-json,1,11
37,contradict,"[""anger""]","[""negative""]",anger,Her statement seemed to contradict everything he had previously said.,plain_narrative,short,10-22 words; simple syntax,en,qwen/qwen3-4b-2507,v9-gemma-local-strict-json,1,10
38,crabby,"[""anger""]","[""negative""]",anger,The crabby person slammed the door in sudden frustration today.,plain_narrative,short,10-22 words; simple syntax,en,qwen/qwen3-4b-2507,v9-gemma-local-strict-json,1,10
39,cranky,"[""anger""]","[""negative""]",anger,That cranky driver cut me off without even signaling the turn.,plain_narrative,short,10-22 words; simple syntax,en,qwen/qwen3-4b-2507,v9-gemma-local-strict-json,1,11
40,crime,"[""anger""]","[""negative""]",anger,The sudden crime caused a great outburst of fury and rage.,plain_narrative,short,10-22 words; simple syntax,en,qwen/qwen3-4b-2507,v9-gemma-local-strict-json,1,11
41,crunch,"[""anger""]","[""negative""]",anger,I heard a loud crunch when the broken glass shattered under my foot.,plain_narrative,short,10-22 words; simple syntax,en,qwen/qwen3-4b-2507,v9-gemma-local-strict-json,1,13
42,cussed,"[""anger""]",[],anger,He cussed loudly when the game went against his team.,plain_narrative,short,10-22 words; simple syntax,en,qwen/qwen3-4b-2507,v9-gemma-local-strict-json,1,10
43,deceived,"[""anger""]","[""negative""]",anger,She was deeply deceived by his false promises and actions.,plain_narrative,short,10-22 words; simple syntax,en,qwen/qwen3-4b-2507,v9-gemma-local-strict-json,1,10
44,decry,"[""anger""]","[""negative""]",anger,He began to decry the unfair decision loudly in the meeting room.,plain_narrative,short,10-22 words; simple syntax,en,qwen/qwen3-4b-2507,v9-gemma-local-strict-json,1,12
45,defamatory,"[""anger""]","[""negative""]",anger,That statement was clearly defamatory and caused immediate strong irritation.,plain_narrative,short,10-22 words; simple syntax,en,qwen/qwen3-4b-2507,v9-gemma-local-strict-json,1,10
46,defect,"[""anger""]","[""negative""]",anger,The broken machine showed a clear defect in its design now. This small defect caused a major system failure quickly.,plain_narrative,short,10-22 words; simple syntax,en,qwen/qwen3-4b-2507,v9-gemma-local-strict-json,1,20
47,defiant,"[""anger""]","[""negative""]",anger,He showed a defiant glare when challenged by the authority. That defiant look promised serious trouble ahead.,plain_narrative,short,10-22 words; simple syntax,en,qwen/qwen3-4b-2507,v9-gemma-local-strict-json,1,17
48,demand,"[""anger""]","[""negative""]",anger,He will demand immediate answers from the manager now.,plain_narrative,short,10-22 words; simple syntax,en,qwen/qwen3-4b-2507,v9-gemma-local-strict-json,1,9
49,deny,"[""anger""]","[""negative""]",anger,She will deny everything when confronted by the facts.,plain_narrative,short,10-22 words; simple syntax,en,qwen/qwen3-4b-2507,v9-gemma-local-strict-json,1,9
50,detract,"[""anger""]","[""negative""]",anger,His constant criticism will detract from my entire project's success.,plain_narrative,short,10-22 words; simple syntax,en,qwen/qwen3-4b-2507,v9-gemma-local-strict-json,1,10
51,disagree,"[""anger""]","[""negative""]",anger,We strongly disagree about the final decision and it causes great frustration.,plain_narrative,short,10-22 words; simple syntax,en,qwen/qwen3-4b-2507,v9-gemma-local-strict-json,1,12
52,dispute,"[""anger""]","[""negative""]",anger,He started a loud dispute over the misplaced tools this morning.,plain_narrative,short,10-22 words; simple syntax,en,qwen/qwen3-4b-2507,v9-gemma-local-strict-json,1,11
53,disrespect,"[""anger""]","[""negative""]",anger,His constant disrespect made everyone furious with his actions today.,plain_narrative,short,10-22 words; simple syntax,en,qwen/qwen3-4b-2507,v9-gemma-local-strict-json,1,10
54,distracted,"[""anger""]","[""negative""]",anger,The loud noise made me distracted from my important work immediately.,plain_narrative,short,10-22 words; simple syntax,en,qwen/qwen3-4b-2507,v9-gemma-local-strict-json,1,11
55,disused,"[""anger""]","[""negative""]",anger,We found the disused tool broken and it caused a big argument.,plain_narrative,short,10-22 words; simple syntax,en,qwen/qwen3-4b-2507,v9-gemma-local-strict-json,1,12
56,dupe,"[""anger""]","[""negative""]",anger,That cheap imitation is a complete dupe for the real thing.,plain_narrative,short,10-22 words; simple syntax,en,qwen/qwen3-4b-2507,v9-gemma-local-strict-json,1,11
57,effigy,"[""anger""]",[],anger,He built a crude effigy to represent the person he hated.,plain_narrative,short,10-22 words; simple syntax,en,qwen/qwen3-4b-2507,v9-gemma-local-strict-json,1,11
58,elbow,"[""anger""]",[],anger,He slammed his elbow hard against the table in frustration now.,plain_narrative,short,10-22 words; simple syntax,en,qwen/qwen3-4b-2507,v9-gemma-local-strict-json,1,11
59,eradicate,"[""anger""]","[""negative""]",anger,She wanted to eradicate the problem immediately with great force.,plain_narrative,short,10-22 words; simple syntax,en,qwen/qwen3-4b-2507,v9-gemma-local-strict-json,1,10
60,escalate,"[""anger""]","[""negative""]",anger,His voice began to escalate into a loud shout immediately after the argument.,plain_narrative,short,10-22 words; simple syntax,en,qwen/qwen3-4b-2507,v9-gemma-local-strict-json,1,13
61,exaggerate,"[""anger""]","[""negative""]",anger,She started to exaggerate the damage caused by the small accident greatly.,plain_narrative,short,10-22 words; simple syntax,en,qwen/qwen3-4b-2507,v9-gemma-local-strict-json,1,12
62,expletive,"[""anger""]","[""negative""]",anger,He used a harsh expletive when the machine broke down suddenly.,plain_narrative,short,10-22 words; simple syntax,en,qwen/qwen3-4b-2507,v9-gemma-local-strict-json,1,11
63,extinguish,"[""anger""]","[""negative""]",anger,She tried to extinguish the small flame with a sudden violent movement.,plain_narrative,short,10-22 words; simple syntax,en,qwen/qwen3-4b-2507,v9-gemma-local-strict-json,1,12
64,fallacious,"[""anger""]","[""negative""]",anger,That fallacious argument caused a huge argument between them now.,plain_narrative,short,10-22 words; simple syntax,en,qwen/qwen3-4b-2507,v9-gemma-local-strict-json,1,10
65,fenced,"[""anger""]",[],anger,He angrily slammed the fence because he felt completely trapped.,plain_narrative,short,10-22 words; simple syntax,en,qwen/qwen3-4b-2507,v9-gemma-local-strict-json,1,10
66,feud,"[""anger""]","[""negative""]",anger,The old feud caused a huge argument between the neighbors today.,plain_narrative,short,10-22 words; simple syntax,en,qwen/qwen3-4b-2507,v9-gemma-local-strict-json,1,11
67,fighting,"[""anger""]","[""negative""]",anger,They were fighting intensely over the misplaced tools in the shed.,plain_narrative,short,10-22 words; simple syntax,en,qwen/qwen3-4b-2507,v9-gemma-local-strict-json,1,11
68,fits,"[""anger""]","[""negative""]",anger,The shirt fits too tightly across his chest now.,plain_narrative,short,10-22 words; simple syntax,en,qwen/qwen3-4b-2507,v9-gemma-local-strict-json,1,9
69,foray,"[""anger""]","[""negative""]",anger,His sudden foray into the market caused a big argument.,plain_narrative,short,10-22 words; simple syntax,en,qwen/qwen3-4b-2507,v9-gemma-local-strict-json,1,10
70,fraud,"[""anger""]","[""negative""]",anger,The deceitful fraud ruined all of my careful plans today.,plain_narrative,short,10-22 words; simple syntax,en,qwen/qwen3-4b-2507,v9-gemma-local-strict-json,1,10
71,frustrated,"[""anger""]","[""negative""]",anger,I felt so frustrated when the system showed the false fraud claim.,plain_narrative,short,10-22 words; simple syntax,en,qwen/qwen3-4b-2507,v9-gemma-local-strict-json,1,12
72,fuming,"[""anger""]","[""negative""]",anger,The hot engine was fuming under the intense pressure of the race.,plain_narrative,short,10-22 words; simple syntax,en,qwen/qwen3-4b-2507,v9-gemma-local-strict-json,1,12
73,furiously,"[""anger""]",[],anger,He slammed his fist down furiously on the desk to express his deep frustration.,plain_narrative,short,10-22 words; simple syntax,en,qwen/qwen3-4b-2507,v9-gemma-local-strict-json,1,14
74,furnace,"[""anger""]",[],anger,The hot furnace suddenly shut down causing great frustration now.,plain_narrative,short,10-22 words; simple syntax,en,qwen/qwen3-4b-2507,v9-gemma-local-strict-json,1,10
75,furor,"[""anger""]","[""negative""]",anger,His loud furor made everyone around him extremely angry.,plain_narrative,short,10-22 words; simple syntax,en,qwen/qwen3-4b-2507,v9-gemma-local-strict-json,1,9
76,gibberish,"[""anger""]","[""negative""]",anger,The strange sounds were pure gibberish that annoyed everyone greatly.,plain_narrative,short,10-22 words; simple syntax,en,qwen/qwen3-4b-2507,v9-gemma-local-strict-json,1,10
77,glaring,"[""anger""]","[""negative""]",anger,His glaring eyes showed intense fury toward the person standing nearby.,plain_narrative,short,10-22 words; simple syntax,en,qwen/qwen3-4b-2507,v9-gemma-local-strict-json,1,11
78,godless,"[""anger""]","[""negative""]",anger,That godless behavior made everyone extremely furious and enraged.,plain_narrative,short,10-22 words; simple syntax,en,qwen/qwen3-4b-2507,v9-gemma-local-strict-json,1,9
79,grab,"[""anger""]","[""negative""]",anger,"He tried to grab the object with intense, angry force now.",plain_narrative,short,10-22 words; simple syntax,en,qwen/qwen3-4b-2507,v9-gemma-local-strict-json,1,11
80,grated,"[""anger""]","[""negative""]",anger,The rough surface grated against my skin with sharp pain now.,plain_narrative,short,10-22 words; simple syntax,en,qwen/qwen3-4b-2507,v9-gemma-local-strict-json,1,11
81,grudge,"[""anger""]","[""negative""]",anger,That old grudge keeps burning inside me with intense fury.,plain_narrative,short,10-22 words; simple syntax,en,qwen/qwen3-4b-2507,v9-gemma-local-strict-json,1,10
82,harassing,"[""anger""]",[],anger,"He was harassing the neighbor with loud, aggressive noises all night long.",plain_narrative,short,10-22 words; simple syntax,en,qwen/qwen3-4b-2507,v9-gemma-local-strict-json,1,12
83,hating,"[""anger""]","[""negative""]",anger,She felt hating the situation because everyone ignored her complaints.,plain_narrative,short,10-22 words; simple syntax,en,qwen/qwen3-4b-2507,v9-gemma-local-strict-json,1,10
84,haughty,"[""anger""]","[""negative""]",anger,The haughty person demanded immediate attention from everyone present.,plain_narrative,short,10-22 words; simple syntax,en,qwen/qwen3-4b-2507,v9-gemma-local-strict-json,1,9
85,implicate,"[""anger""]","[""negative""]",anger,He tried to implicate his colleague in the serious mistake clearly.,plain_narrative,short,10-22 words; simple syntax,en,qwen/qwen3-4b-2507,v9-gemma-local-strict-json,1,11
86,incense,"[""anger""]","[""negative""]",anger,The strong incense smoke made everyone incredibly angry today.,plain_narrative,short,10-22 words; simple syntax,en,qwen/qwen3-4b-2507,v9-gemma-local-strict-json,1,9
87,indenture,"[""anger""]","[""negative""]",anger,He felt intense anger about the unfair indenture contract terms.,plain_narrative,short,10-22 words; simple syntax,en,qwen/qwen3-4b-2507,v9-gemma-local-strict-json,1,10
88,indignant,"[""anger""]","[""negative""]",anger,She felt indignant when the rules were unfairly changed today.,plain_narrative,short,10-22 words; simple syntax,en,qwen/qwen3-4b-2507,v9-gemma-local-strict-json,1,10
89,injustice,"[""anger""]","[""negative""]",anger,The blatant injustice made everyone around the table furious now.,plain_narrative,short,10-22 words; simple syntax,en,qwen/qwen3-4b-2507,v9-gemma-local-strict-json,1,10
90,irate,"[""anger""]","[""negative""]",anger,The irate driver slammed on the brakes suddenly and dangerously.,plain_narrative,short,10-22 words; simple syntax,en,qwen/qwen3-4b-2507,v9-gemma-local-strict-json,1,10
91,irritable,"[""anger""]","[""negative""]",anger,His irritable tone made everyone around him immediately angry.,plain_narrative,short,10-22 words; simple syntax,en,qwen/qwen3-4b-2507,v9-gemma-local-strict-json,1,9
92,kick,"[""anger""]","[""negative""]",anger,He felt the sudden urge to kick the door hard now.,plain_narrative,short,10-22 words; simple syntax,en,qwen/qwen3-4b-2507,v9-gemma-local-strict-json,1,11
93,kicking,"[""anger""]",[],anger,"The constant kicking caused a loud, angry sound everywhere.",plain_narrative,short,10-22 words; simple syntax,en,qwen/qwen3-4b-2507,v9-gemma-local-strict-json,1,9
94,loath,"[""anger""]","[""negative""]",anger,I loath this situation and want to scream right now. This unfairness makes me furious.,plain_narrative,short,10-22 words; simple syntax,en,qwen/qwen3-4b-2507,v9-gemma-local-strict-json,1,15
95,martial,"[""anger""]",[],anger,The martial display caused a huge outburst of rage. I hate this aggressive behavior greatly.,plain_narrative,short,10-22 words; simple syntax,en,qwen/qwen3-4b-2507,v9-gemma-local-strict-json,1,15
96,meddle,"[""anger""]","[""negative""]",anger,He tried to meddle in the argument and caused a huge fight.,plain_narrative,short,10-22 words; simple syntax,en,qwen/qwen3-4b-2507,v9-gemma-local-strict-json,1,12
97,mutter,"[""anger""]","[""negative""]",anger,She began to mutter harsh words under her breath during the meeting.,plain_narrative,short,10-22 words; simple syntax,en,qwen/qwen3-4b-2507,v9-gemma-local-strict-json,1,12
98,noisy,"[""anger""]","[""negative""]",anger,The loud machinery made a very noisy sound today. My patience snapped because of the constant noise. That harsh racket truly infuriated me now.,plain_narrative,short,10-22 words; simple syntax,en,qwen/qwen3-4b-2507,v9-gemma-local-strict-json,1,24
99,patter,"[""anger""]","[""negative""]",anger,The relentless tapping caused a noisy patter on the window glass. I became extremely angry about that irritating sound. This constant hitting is completely unacceptable.,plain_narrative,short,10-22 words; simple syntax,en,qwen/qwen3-4b-2507,v9-gemma-local-strict-json,1,25
100,accelerate,"[""anticipation""]",[],anticipation,The car began to accelerate toward the finish line quickly now.,plain_narrative,short,10-22 words; simple syntax,en,qwen/qwen3-4b-2507,v9-gemma-local-strict-json,1,11
101,acquiring,"[""anticipation""]","[""positive""]",anticipation,She felt a thrill while acquiring the needed tools for the project.,plain_narrative,short,10-22 words; simple syntax,en,qwen/qwen3-4b-2507,v9-gemma-local-strict-json,1,12
102,addresses,"[""anticipation""]","[""positive""]",anticipation,The map addresses the hidden location for our next journey.,plain_narrative,short,10-22 words; simple syntax,en,qwen/qwen3-4b-2507,v9-gemma-local-strict-json,1,10
103,adventure,"[""anticipation""]","[""positive""]",anticipation,This new book promises a thrilling adventure around the world.,plain_narrative,short,10-22 words; simple syntax,en,qwen/qwen3-4b-2507,v9-gemma-local-strict-json,1,10
104,airport,"[""anticipation""]",[],anticipation,"The plane is now at the airport, and we wait for takeoff soon.",plain_narrative,short,10-22 words; simple syntax,en,qwen/qwen3-4b-2507,v9-gemma-local-strict-json,1,13
105,angling,"[""anticipation""]","[""negative""]",anticipation,We prepare the rods for angling as the morning light begins to break.,plain_narrative,short,10-22 words; simple syntax,en,qwen/qwen3-4b-2507,v9-gemma-local-strict-json,1,13
106,appeal,"[""anticipation""]",[],anticipation,The final presentation will appeal to the judges greatly now.,plain_narrative,short,10-22 words; simple syntax,en,qwen/qwen3-4b-2507,v9-gemma-local-strict-json,1,10
107,applicant,"[""anticipation""]",[],anticipation,The eager applicant is about to receive the good news soon.,plain_narrative,short,10-22 words; simple syntax,en,qwen/qwen3-4b-2507,v9-gemma-local-strict-json,1,11
108,arouse,"[""anticipation""]","[""positive""]",anticipation,The music began to arouse a strong sense of waiting for the show.,plain_narrative,short,10-22 words; simple syntax,en,qwen/qwen3-4b-2507,v9-gemma-local-strict-json,1,13
109,arrival,"[""anticipation""]",[],anticipation,We are eagerly awaiting the arrival of the delivery truck now.,plain_narrative,short,10-22 words; simple syntax,en,qwen/qwen3-4b-2507,v9-gemma-local-strict-json,1,11
110,arrive,"[""anticipation""]",[],anticipation,The package will arrive very soon for the big event.,plain_narrative,short,10-22 words; simple syntax,en,qwen/qwen3-4b-2507,v9-gemma-local-strict-json,1,10
111,astrologer,"[""anticipation""]","[""positive""]",anticipation,The astrologer will reveal the future during the reading.,plain_narrative,short,10-22 words; simple syntax,en,qwen/qwen3-4b-2507,v9-gemma-local-strict-json,1,9
112,astronomer,"[""anticipation""]","[""positive""]",anticipation,The astronomer waited eagerly for the distant celestial event to appear.,plain_narrative,short,10-22 words; simple syntax,en,qwen/qwen3-4b-2507,v9-gemma-local-strict-json,1,11
113,attainable,"[""anticipation""]","[""positive""]",anticipation,We know the goal is attainable after all this careful planning now.,plain_narrative,short,10-22 words; simple syntax,en,qwen/qwen3-4b-2507,v9-gemma-local-strict-json,1,12
114,attempt,"[""anticipation""]",[],anticipation,She will attempt the difficult climb to reach the summit soon.,plain_narrative,short,10-22 words; simple syntax,en,qwen/qwen3-4b-2507,v9-gemma-local-strict-json,1,11
115,await,"[""anticipation""]",[],anticipation,We await the final results of the long-awaited experiment now.,plain_narrative,short,10-22 words; simple syntax,en,qwen/qwen3-4b-2507,v9-gemma-local-strict-json,1,10
116,begun,"[""anticipation""]",[],anticipation,The exciting journey has just begun now for everyone to see.,plain_narrative,short,10-22 words; simple syntax,en,qwen/qwen3-4b-2507,v9-gemma-local-strict-json,1,11
117,biennial,"[""anticipation""]",[],anticipation,The special event will happen again in the next biennial gathering.,plain_narrative,short,10-22 words; simple syntax,en,qwen/qwen3-4b-2507,v9-gemma-local-strict-json,1,11
118,board,"[""anticipation""]",[],anticipation,The team waited eagerly for the final board decision to be announced now.,plain_narrative,short,10-22 words; simple syntax,en,qwen/qwen3-4b-2507,v9-gemma-local-strict-json,1,13
119,broadside,"[""anticipation""]","[""negative""]",anticipation,We anticipate the strong broadside attack starting very soon in the game.,plain_narrative,short,10-22 words; simple syntax,en,qwen/qwen3-4b-2507,v9-gemma-local-strict-json,1,12
120,bruise,"[""anticipation""]","[""negative""]",anticipation,The small bruise showed the impact of the sudden fall clearly now.,plain_narrative,short,10-22 words; simple syntax,en,qwen/qwen3-4b-2507,v9-gemma-local-strict-json,1,12
121,bugle,"[""anticipation""]",[],anticipation,"The distant bugle sounded, signaling the imminent arrival of guests.",plain_narrative,short,10-22 words; simple syntax,en,qwen/qwen3-4b-2507,v9-gemma-local-strict-json,1,10
122,career,"[""anticipation""]","[""positive""]",anticipation,She felt a strong sense of anticipation for her new career opportunity today.,plain_narrative,short,10-22 words; simple syntax,en,qwen/qwen3-4b-2507,v9-gemma-local-strict-json,1,13
123,clock,"[""anticipation""]",[],anticipation,The ticking clock signaled the exciting start of the big event.,plain_narrative,short,10-22 words; simple syntax,en,qwen/qwen3-4b-2507,v9-gemma-local-strict-json,1,11
124,clue,"[""anticipation""]",[],anticipation,A small clue suggested the big event was about to happen soon.,plain_narrative,short,10-22 words; simple syntax,en,qwen/qwen3-4b-2507,v9-gemma-local-strict-json,1,12
125,coming,"[""anticipation""]",[],anticipation,The exciting moment is coming right around the corner now.,plain_narrative,short,10-22 words; simple syntax,en,qwen/qwen3-4b-2507,v9-gemma-local-strict-json,1,10
126,conjecture,"[""anticipation""]",[],anticipation,I have a strong conjecture about the upcoming result now.,plain_narrative,short,10-22 words; simple syntax,en,qwen/qwen3-4b-2507,v9-gemma-local-strict-json,1,10
127,consequent,"[""anticipation""]",[],anticipation,The next step will be the consequent action we plan to take.,plain_narrative,short,10-22 words; simple syntax,en,qwen/qwen3-4b-2507,v9-gemma-local-strict-json,1,12
128,contingent,"[""anticipation""]",[],anticipation,The result is contingent upon the final vote tomorrow morning now.,plain_narrative,short,10-22 words; simple syntax,en,qwen/qwen3-4b-2507,v9-gemma-local-strict-json,1,11
129,countdown,"[""anticipation""]",[],anticipation,We watch the countdown until the big announcement finally happens.,plain_narrative,short,10-22 words; simple syntax,en,qwen/qwen3-4b-2507,v9-gemma-local-strict-json,1,10
130,cramp,"[""anticipation""]","[""negative""]",anticipation,The muscle cramp signaled the exciting start of the race now.,plain_narrative,short,10-22 words; simple syntax,en,qwen/qwen3-4b-2507,v9-gemma-local-strict-json,1,11
131,craps,"[""anticipation""]",[],anticipation,We waited for the craps to land with great suspense before the call.,plain_narrative,short,10-22 words; simple syntax,en,qwen/qwen3-4b-2507,v9-gemma-local-strict-json,1,13
132,crave,"[""anticipation""]",[],anticipation,I crave the moment the big show finally begins now.,plain_narrative,short,10-22 words; simple syntax,en,qwen/qwen3-4b-2507,v9-gemma-local-strict-json,1,10
133,craving,"[""anticipation""]",[],anticipation,A strong craving built up before the exciting event started.,plain_narrative,short,10-22 words; simple syntax,en,qwen/qwen3-4b-2507,v9-gemma-local-strict-json,1,10
134,creeping,"[""anticipation""]",[],anticipation,The shadow was creeping slowly across the floorboards now.,plain_narrative,short,10-22 words; simple syntax,en,qwen/qwen3-4b-2507,v9-gemma-local-strict-json,1,9
135,daily,"[""anticipation""]",[],anticipation,I look forward to this daily chance to see the results.,plain_narrative,short,10-22 words; simple syntax,en,qwen/qwen3-4b-2507,v9-gemma-local-strict-json,1,11
136,debenture,"[""anticipation""]",[],anticipation,The investor waited eagerly for the debenture to mature soon.,plain_narrative,short,10-22 words; simple syntax,en,qwen/qwen3-4b-2507,v9-gemma-local-strict-json,1,10
137,delivery,"[""anticipation""]","[""positive""]",anticipation,We are anticipating the exciting delivery of the new package today.,plain_narrative,short,10-22 words; simple syntax,en,qwen/qwen3-4b-2507,v9-gemma-local-strict-json,1,11
138,denying,"[""anticipation""]","[""negative""]",anticipation,She was denying the exciting news with a slight smile now.,plain_narrative,short,10-22 words; simple syntax,en,qwen/qwen3-4b-2507,v9-gemma-local-strict-json,1,11
139,destined,"[""anticipation""]",[],anticipation,He felt destined for a big success in the upcoming competition.,plain_narrative,short,10-22 words; simple syntax,en,qwen/qwen3-4b-2507,v9-gemma-local-strict-json,1,11
140,develop,"[""anticipation""]","[""positive""]",anticipation,We will develop the new plan for the upcoming launch soon.,plain_narrative,short,10-22 words; simple syntax,en,qwen/qwen3-4b-2507,v9-gemma-local-strict-json,1,11
141,dietary,"[""anticipation""]","[""positive""]",anticipation,The dietary changes will prepare us for the big competition.,plain_narrative,short,10-22 words; simple syntax,en,qwen/qwen3-4b-2507,v9-gemma-local-strict-json,1,10
142,digress,"[""anticipation""]","[""negative""]",anticipation,She began to digress while describing the upcoming exciting event details.,plain_narrative,short,10-22 words; simple syntax,en,qwen/qwen3-4b-2507,v9-gemma-local-strict-json,1,11
143,discreet,"[""anticipation""]","[""positive""]",anticipation,He kept his plans discreet before the big reveal tomorrow.,plain_narrative,short,10-22 words; simple syntax,en,qwen/qwen3-4b-2507,v9-gemma-local-strict-json,1,10
144,draft,"[""anticipation""]",[],anticipation,The final draft of the proposal will soon be submitted for review now.,plain_narrative,short,10-22 words; simple syntax,en,qwen/qwen3-4b-2507,v9-gemma-local-strict-json,1,13
145,endeavor,"[""anticipation""]","[""positive""]",anticipation,We begin this great endeavor to launch the new project tomorrow.,plain_narrative,short,10-22 words; simple syntax,en,qwen/qwen3-4b-2507,v9-gemma-local-strict-json,1,11
146,engulf,"[""anticipation""]",[],anticipation,The bright light will soon engulf the entire room completely now.,plain_narrative,short,10-22 words; simple syntax,en,qwen/qwen3-4b-2507,v9-gemma-local-strict-json,1,11
147,eventual,"[""anticipation""]",[],anticipation,The eventual arrival of the package brings great excitement to everyone.,plain_narrative,short,10-22 words; simple syntax,en,qwen/qwen3-4b-2507,v9-gemma-local-strict-json,1,11
148,expectancy,"[""anticipation""]",[],anticipation,The crowd built up with great expectancy for the final announcement now.,plain_narrative,short,10-22 words; simple syntax,en,qwen/qwen3-4b-2507,v9-gemma-local-strict-json,1,12
149,expectant,"[""anticipation""]",[],anticipation,She stood expectant waiting for the delivery truck to arrive soon.,plain_narrative,short,10-22 words; simple syntax,en,qwen/qwen3-4b-2507,v9-gemma-local-strict-json,1,11
150,expected,"[""anticipation""]",[],anticipation,I expected the package to arrive very soon today.,plain_narrative,short,10-22 words; simple syntax,en,qwen/qwen3-4b-2507,v9-gemma-local-strict-json,1,9
151,expecting,"[""anticipation""]",[],anticipation,She is expecting the big announcement at the conference.,plain_narrative,short,10-22 words; simple syntax,en,qwen/qwen3-4b-2507,v9-gemma-local-strict-json,1,9
152,explore,"[""anticipation""]",[],anticipation,We will explore the new terrain tomorrow morning with great eagerness.,plain_narrative,short,10-22 words; simple syntax,en,qwen/qwen3-4b-2507,v9-gemma-local-strict-json,1,11
153,extricate,"[""anticipation""]","[""positive""]",anticipation,She worked hard to extricate the trapped item from the tight space.,plain_narrative,short,10-22 words; simple syntax,en,qwen/qwen3-4b-2507,v9-gemma-local-strict-json,1,12
154,farm,"[""anticipation""]",[],anticipation,The farmer watched the fields with great expectation for the harvest.,plain_narrative,short,10-22 words; simple syntax,en,qwen/qwen3-4b-2507,v9-gemma-local-strict-json,1,11
155,fate,"[""anticipation""]","[""negative""]",anticipation,She felt a strong sense of impending change regarding her future fate.,plain_narrative,short,10-22 words; simple syntax,en,qwen/qwen3-4b-2507,v9-gemma-local-strict-json,1,12
156,foreseen,"[""anticipation""]","[""positive""]",anticipation,The arrival of the package was long foreseen by everyone involved.,plain_narrative,short,10-22 words; simple syntax,en,qwen/qwen3-4b-2507,v9-gemma-local-strict-json,1,11
157,forming,"[""anticipation""]",[],anticipation,The storm clouds were forming rapidly above the distant mountains.,plain_narrative,short,10-22 words; simple syntax,en,qwen/qwen3-4b-2507,v9-gemma-local-strict-json,1,10
158,gradual,"[""anticipation""]",[],anticipation,The light grew gradual as the sun approached the horizon now.,plain_narrative,short,10-22 words; simple syntax,en,qwen/qwen3-4b-2507,v9-gemma-local-strict-json,1,11
159,grasping,"[""anticipation""]","[""negative""]",anticipation,His fingers showed a grasping motion toward the prize now.,plain_narrative,short,10-22 words; simple syntax,en,qwen/qwen3-4b-2507,v9-gemma-local-strict-json,1,10
160,gravitate,"[""anticipation""]",[],anticipation,The crowd began to gravitate toward the stage entrance now.,plain_narrative,short,10-22 words; simple syntax,en,qwen/qwen3-4b-2507,v9-gemma-local-strict-json,1,10
161,habitual,"[""anticipation""]",[],anticipation,This habitual movement signals the start of the exciting event.,plain_narrative,short,10-22 words; simple syntax,en,qwen/qwen3-4b-2507,v9-gemma-local-strict-json,1,10
162,hankering,"[""anticipation""]",[],anticipation,I felt a strong hankering for the upcoming concert performance now.,plain_narrative,short,10-22 words; simple syntax,en,qwen/qwen3-4b-2507,v9-gemma-local-strict-json,1,11
163,happen,"[""anticipation""]",[],anticipation,I am eager for the big announcement to finally happen soon.,plain_narrative,short,10-22 words; simple syntax,en,qwen/qwen3-4b-2507,v9-gemma-local-strict-json,1,11
164,haste,"[""anticipation""]",[],anticipation,The car moved with great haste toward the finish line now.,plain_narrative,short,10-22 words; simple syntax,en,qwen/qwen3-4b-2507,v9-gemma-local-strict-json,1,11
165,headlight,"[""anticipation""]",[],anticipation,I watched the bright headlight signal the approaching curve ahead.,plain_narrative,short,10-22 words; simple syntax,en,qwen/qwen3-4b-2507,v9-gemma-local-strict-json,1,10
166,horizon,"[""anticipation""]","[""positive""]",anticipation,The bright horizon showed a new adventure just beginning now.,plain_narrative,short,10-22 words; simple syntax,en,qwen/qwen3-4b-2507,v9-gemma-local-strict-json,1,10
167,horoscope,"[""anticipation""]",[],anticipation,I look at the horoscope expecting exciting future developments soon.,plain_narrative,short,10-22 words; simple syntax,en,qwen/qwen3-4b-2507,v9-gemma-local-strict-json,1,10
168,hungry,"[""anticipation""]","[""negative""]",anticipation,The smell of food made me hungry for the feast ahead.,plain_narrative,short,10-22 words; simple syntax,en,qwen/qwen3-4b-2507,v9-gemma-local-strict-json,1,11
169,hurried,"[""anticipation""]","[""negative""]",anticipation,He hurried toward the finish line with great expectation.,plain_narrative,short,10-22 words; simple syntax,en,qwen/qwen3-4b-2507,v9-gemma-local-strict-json,1,9
170,hurry,"[""anticipation""]",[],anticipation,We must hurry to catch the beginning of the exciting event now.,plain_narrative,short,10-22 words; simple syntax,en,qwen/qwen3-4b-2507,v9-gemma-local-strict-json,1,12
171,hype,"[""anticipation""]","[""negative""]",anticipation,The build up creates a great hype before the big reveal.,plain_narrative,short,10-22 words; simple syntax,en,qwen/qwen3-4b-2507,v9-gemma-local-strict-json,1,11
172,immature,"[""anticipation""]","[""negative""]",anticipation,The young artist showed immature sketches full of exciting future ideas.,plain_narrative,short,10-22 words; simple syntax,en,qwen/qwen3-4b-2507,v9-gemma-local-strict-json,1,11
173,impatient,"[""anticipation""]","[""negative""]",anticipation,She felt impatient waiting for the exciting results to appear.,plain_narrative,short,10-22 words; simple syntax,en,qwen/qwen3-4b-2507,v9-gemma-local-strict-json,1,10
174,inaugural,"[""anticipation""]",[],anticipation,The inaugural speech brought a wave of eager expectation to the crowd.,plain_narrative,short,10-22 words; simple syntax,en,qwen/qwen3-4b-2507,v9-gemma-local-strict-json,1,12
175,inquiry,"[""anticipation""]","[""positive""]",anticipation,The inquiry promised exciting new discoveries for the research team.,plain_narrative,short,10-22 words; simple syntax,en,qwen/qwen3-4b-2507,v9-gemma-local-strict-json,1,10
176,install,"[""anticipation""]",[],anticipation,We will install the new software before the launch time arrives now.,plain_narrative,short,10-22 words; simple syntax,en,qwen/qwen3-4b-2507,v9-gemma-local-strict-json,1,12
177,intended,"[""anticipation""]","[""positive""]",anticipation,The planned event will install excitement for everyone soon.,plain_narrative,short,10-22 words; simple syntax,en,qwen/qwen3-4b-2507,v9-gemma-local-strict-json,1,9
178,interim,"[""anticipation""]",[],anticipation,The interim results suggest a big change is coming soon now.,plain_narrative,short,10-22 words; simple syntax,en,qwen/qwen3-4b-2507,v9-gemma-local-strict-json,1,11
179,invoke,"[""anticipation""]",[],anticipation,The signal will invoke a powerful response in the system.,plain_narrative,short,10-22 words; simple syntax,en,qwen/qwen3-4b-2507,v9-gemma-local-strict-json,1,10
180,labyrinth,"[""anticipation""]","[""negative""]",anticipation,We entered the confusing labyrinth expecting a grand discovery soon.,plain_narrative,short,10-22 words; simple syntax,en,qwen/qwen3-4b-2507,v9-gemma-local-strict-json,1,10
181,launch,"[""anticipation""]","[""positive""]",anticipation,"The rocket is set for launch, and we await the incredible ascent now.",plain_narrative,short,10-22 words; simple syntax,en,qwen/qwen3-4b-2507,v9-gemma-local-strict-json,1,13
182,lessen,"[""anticipation""]","[""negative""]",anticipation,The waiting time will lessen before the big announcement starts now.,plain_narrative,short,10-22 words; simple syntax,en,qwen/qwen3-4b-2507,v9-gemma-local-strict-json,1,11
183,letter,"[""anticipation""]",[],anticipation,I look forward to receiving the important letter very soon.,plain_narrative,short,10-22 words; simple syntax,en,qwen/qwen3-4b-2507,v9-gemma-local-strict-json,1,10
184,linger,"[""anticipation""]",[],anticipation,I will linger by the window to watch the approaching storm clouds.,plain_narrative,short,10-22 words; simple syntax,en,qwen/qwen3-4b-2507,v9-gemma-local-strict-json,1,12
185,localize,"[""anticipation""]",[],anticipation,We should localize the plan before the main event begins now.,plain_narrative,short,10-22 words; simple syntax,en,qwen/qwen3-4b-2507,v9-gemma-local-strict-json,1,11
186,long,"[""anticipation""]",[],anticipation,The long wait before the announcement builds great excitement now.,plain_narrative,short,10-22 words; simple syntax,en,qwen/qwen3-4b-2507,v9-gemma-local-strict-json,1,10
187,lottery,"[""anticipation""]",[],anticipation,She watched the numbers hoping for a big win in the lottery.,plain_narrative,short,10-22 words; simple syntax,en,qwen/qwen3-4b-2507,v9-gemma-local-strict-json,1,12
188,lull,"[""anticipation""]",[],anticipation,The soft lull of the waves promised a thrilling arrival soon.,plain_narrative,short,10-22 words; simple syntax,en,qwen/qwen3-4b-2507,v9-gemma-local-strict-json,1,11
189,lust,"[""anticipation""]","[""negative""]",anticipation,A sudden surge of desire built up before the exciting moment arrived.,plain_narrative,short,10-22 words; simple syntax,en,qwen/qwen3-4b-2507,v9-gemma-local-strict-json,1,12
190,mail,"[""anticipation""]",[],anticipation,I wait eagerly for the important mail to arrive today now.,plain_narrative,short,10-22 words; simple syntax,en,qwen/qwen3-4b-2507,v9-gemma-local-strict-json,1,11
191,matchmaker,"[""anticipation""]",[],anticipation,The matchmaker is preparing for the big event tomorrow soon.,plain_narrative,short,10-22 words; simple syntax,en,qwen/qwen3-4b-2507,v9-gemma-local-strict-json,1,10
192,maternal,"[""anticipation""]","[""negative"", ""positive""]",anticipation,The mother felt a strong sense of maternal excitement before the baby arrived.,plain_narrative,short,10-22 words; simple syntax,en,qwen/qwen3-4b-2507,v9-gemma-local-strict-json,1,13
193,merge,"[""anticipation""]","[""positive""]",anticipation,The two streams began to merge with great expectation for the resulting flow.,plain_narrative,short,10-22 words; simple syntax,en,qwen/qwen3-4b-2507,v9-gemma-local-strict-json,1,13
194,mill,"[""anticipation""]",[],anticipation,The old mill will soon grind the grain for us all.,plain_narrative,short,10-22 words; simple syntax,en,qwen/qwen3-4b-2507,v9-gemma-local-strict-json,1,11
195,mobile,"[""anticipation""]",[],anticipation,I look forward to using the new mobile device later today.,plain_narrative,short,10-22 words; simple syntax,en,qwen/qwen3-4b-2507,v9-gemma-local-strict-json,1,11
196,momentum,"[""anticipation""]","[""positive""]",anticipation,The runner built great momentum before crossing the finish line now.,plain_narrative,short,10-22 words; simple syntax,en,qwen/qwen3-4b-2507,v9-gemma-local-strict-json,1,11
197,monetary,"[""anticipation""]","[""positive""]",anticipation,We await the monetary reward for this successful project soon.,plain_narrative,short,10-22 words; simple syntax,en,qwen/qwen3-4b-2507,v9-gemma-local-strict-json,1,10
198,morn,"[""anticipation""]",[],anticipation,The early morn brought a thrilling sense of what was to come next.,plain_narrative,short,10-22 words; simple syntax,en,qwen/qwen3-4b-2507,v9-gemma-local-strict-json,1,13
199,morrow,"[""anticipation""]",[],anticipation,I look forward to the morrow when the big event finally arrives.,plain_narrative,short,10-22 words; simple syntax,en,qwen/qwen3-4b-2507,v9-gemma-local-strict-json,1,12
200,abject,"[""disgust""]","[""negative""]",disgust,The sight of the filth was truly abject and repulsive to everyone nearby.,plain_narrative,short,10-22 words; simple syntax,en,qwen/qwen3-4b-2507,v9-gemma-local-strict-json,1,13
201,abnormal,"[""disgust""]","[""negative""]",disgust,That strange behavior seemed completely abnormal and made me feel sick.,plain_narrative,short,10-22 words; simple syntax,en,qwen/qwen3-4b-2507,v9-gemma-local-strict-json,1,11
202,airs,"[""disgust""]","[""negative""]",disgust,The stale air from the drain made my stomach turn sick.,plain_narrative,short,10-22 words; simple syntax,en,qwen/qwen3-4b-2507,v9-gemma-local-strict-json,1,11
203,ammonia,"[""disgust""]",[],disgust,The strong smell of ammonia filled the small room unpleasantly.,plain_narrative,short,10-22 words; simple syntax,en,qwen/qwen3-4b-2507,v9-gemma-local-strict-json,1,10
204,aphid,"[""disgust""]","[""negative""]",disgust,The small aphid crawled across the spoiled fruit surface. I recoiled from the disgusting insect immediately.,plain_narrative,short,10-22 words; simple syntax,en,qwen/qwen3-4b-2507,v9-gemma-local-strict-json,1,16
205,asymmetry,"[""disgust""]",[],disgust,The broken vase showed a terrible asymmetry in its shape. This unevenness made me feel sick.,plain_narrative,short,10-22 words; simple syntax,en,qwen/qwen3-4b-2507,v9-gemma-local-strict-json,1,16
206,baboon,"[""disgust""]","[""negative""]",disgust,The foul baboon drooled on the dirty floor mat. A strange baboon chewed on the spoiled fruit.,plain_narrative,short,10-22 words; simple syntax,en,qwen/qwen3-4b-2507,v9-gemma-local-strict-json,1,17
207,backwards,"[""disgust""]","[""negative""]",disgust,He walked backwards into the open pit of filth. The broken sign pointed backwards toward the stench.,plain_narrative,short,10-22 words; simple syntax,en,qwen/qwen3-4b-2507,v9-gemma-local-strict-json,1,17
208,barf,"[""disgust""]",[],disgust,The sight of the spoiled food made me want to barf violently now.,plain_narrative,short,10-22 words; simple syntax,en,qwen/qwen3-4b-2507,v9-gemma-local-strict-json,1,13
209,barrow,"[""disgust""]",[],disgust,"I found the old barrow filled with foul, decaying refuse.",plain_narrative,short,10-22 words; simple syntax,en,qwen/qwen3-4b-2507,v9-gemma-local-strict-json,1,10
210,blister,"[""disgust""]","[""negative""]",disgust,The raw fruit caused a painful blister on my finger immediately.,plain_narrative,short,10-22 words; simple syntax,en,qwen/qwen3-4b-2507,v9-gemma-local-strict-json,1,11
211,bloated,"[""disgust""]","[""negative""]",disgust,The spoiled food made my stomach feel terribly bloated and sick.,plain_narrative,short,10-22 words; simple syntax,en,qwen/qwen3-4b-2507,v9-gemma-local-strict-json,1,11
212,boil,"[""disgust""]","[""negative""]",disgust,The water began to boil over the edge of the pot now.,plain_narrative,short,10-22 words; simple syntax,en,qwen/qwen3-4b-2507,v9-gemma-local-strict-json,1,12
213,bombed,"[""disgust""]","[""negative""]",disgust,The old device was completely bombed into useless pieces.,plain_narrative,short,10-22 words; simple syntax,en,qwen/qwen3-4b-2507,v9-gemma-local-strict-json,1,9
214,bovine,"[""disgust""]","[""negative""]",disgust,The spoiled meat smelled strongly of bovine waste and made me recoil.,plain_narrative,short,10-22 words; simple syntax,en,qwen/qwen3-4b-2507,v9-gemma-local-strict-json,1,12
215,bowels,"[""disgust""]",[],disgust,Seeing the raw contents of the bowels caused a wave of intense revulsion.,plain_narrative,short,10-22 words; simple syntax,en,qwen/qwen3-4b-2507,v9-gemma-local-strict-json,1,13
216,bran,"[""disgust""]",[],disgust,The spoiled bran tasted foul and made my stomach turn sick.,plain_narrative,short,10-22 words; simple syntax,en,qwen/qwen3-4b-2507,v9-gemma-local-strict-json,1,11
217,bribery,"[""disgust""]","[""negative""]",disgust,Offering that small bribe caused a wave of revulsion in the situation.,plain_narrative,short,10-22 words; simple syntax,en,qwen/qwen3-4b-2507,v9-gemma-local-strict-json,1,12
218,brothel,"[""disgust""]","[""negative""]",disgust,The stench from the brothel made my stomach turn violently sick.,plain_narrative,short,10-22 words; simple syntax,en,qwen/qwen3-4b-2507,v9-gemma-local-strict-json,1,11
219,bureaucrat,"[""disgust""]","[""negative""]",disgust,"That slow bureaucrat filled the room with a foul, sickening odor.",plain_narrative,short,10-22 words; simple syntax,en,qwen/qwen3-4b-2507,v9-gemma-local-strict-json,1,11
220,burnt,"[""disgust""]","[""negative""]",disgust,The food tasted terribly burnt and made my stomach turn. A burnt smell filled the entire kitchen area.,plain_narrative,short,10-22 words; simple syntax,en,qwen/qwen3-4b-2507,v9-gemma-local-strict-json,1,18
221,caries,"[""disgust""]","[""negative""]",disgust,The dentist showed visible caries on the old tooth surface. I saw the dark decay when examining the molar.,plain_narrative,short,10-22 words; simple syntax,en,qwen/qwen3-4b-2507,v9-gemma-local-strict-json,1,19
222,cess,"[""disgust""]","[""negative""]",disgust,The foul smell from the drain caused a strong sense of disgust.,plain_narrative,short,10-22 words; simple syntax,en,qwen/qwen3-4b-2507,v9-gemma-local-strict-json,1,12
223,clumsy,"[""disgust""]","[""negative""]",disgust,His clumsy movements spilled the food all over the clean surface.,plain_narrative,short,10-22 words; simple syntax,en,qwen/qwen3-4b-2507,v9-gemma-local-strict-json,1,11
224,compost,"[""disgust""]","[""negative""]",disgust,The foul compost smelled terrible and made my stomach turn.,plain_narrative,short,10-22 words; simple syntax,en,qwen/qwen3-4b-2507,v9-gemma-local-strict-json,1,10
225,cough,"[""disgust""]","[""negative""]",disgust,A harsh cough erupted from the person near the garbage.,plain_narrative,short,10-22 words; simple syntax,en,qwen/qwen3-4b-2507,v9-gemma-local-strict-json,1,10
226,crap,"[""disgust""]","[""negative""]",disgust,"That foul liquid tasted like old, spoiled crap on my tongue now.",plain_narrative,short,10-22 words; simple syntax,en,qwen/qwen3-4b-2507,v9-gemma-local-strict-json,1,12
227,crawl,"[""disgust""]","[""negative""]",disgust,The slimy creature began to crawl across the dirty floor slowly.,plain_narrative,short,10-22 words; simple syntax,en,qwen/qwen3-4b-2507,v9-gemma-local-strict-json,1,11
228,critter,"[""disgust""]",[],disgust,The slimy critter crawled across my dirty hand immediately.,plain_narrative,short,10-22 words; simple syntax,en,qwen/qwen3-4b-2507,v9-gemma-local-strict-json,1,9
229,crude,"[""disgust""]","[""negative""]",disgust,That crude smell made my stomach turn violently inside.,plain_narrative,short,10-22 words; simple syntax,en,qwen/qwen3-4b-2507,v9-gemma-local-strict-json,1,9
230,crusty,"[""disgust""]","[""negative""]",disgust,The old food felt crusty and unpleasant to touch now.,plain_narrative,short,10-22 words; simple syntax,en,qwen/qwen3-4b-2507,v9-gemma-local-strict-json,1,10
231,cuckold,"[""disgust""]","[""negative""]",disgust,He felt sick when he realized his situation was like a cuckold.,plain_narrative,short,10-22 words; simple syntax,en,qwen/qwen3-4b-2507,v9-gemma-local-strict-json,1,12
232,cystic,"[""disgust""]",[],disgust,The strange smell made my stomach turn with disgust now.,plain_narrative,short,10-22 words; simple syntax,en,qwen/qwen3-4b-2507,v9-gemma-local-strict-json,1,10
233,daft,"[""disgust""]","[""negative""]",disgust,That silly action showed such a disgusting lack of judgment.,plain_narrative,short,10-22 words; simple syntax,en,qwen/qwen3-4b-2507,v9-gemma-local-strict-json,1,10
234,dandy,"[""disgust""]","[""negative""]",disgust,The dandy's spoiled food made everyone gag with revulsion.,plain_narrative,short,10-22 words; simple syntax,en,qwen/qwen3-4b-2507,v9-gemma-local-strict-json,1,9
235,dank,"[""disgust""]",[],disgust,That dank smell from the garbage made my stomach turn sick.,plain_narrative,short,10-22 words; simple syntax,en,qwen/qwen3-4b-2507,v9-gemma-local-strict-json,1,11
236,debris,"[""disgust""]","[""negative""]",disgust,Sharp pieces of debris clogged the drain and smelled foul now.,plain_narrative,short,10-22 words; simple syntax,en,qwen/qwen3-4b-2507,v9-gemma-local-strict-json,1,11
237,decompose,"[""disgust""]",[],disgust,"The rotten fruit began to decompose into a foul, slimy mess.",plain_narrative,short,10-22 words; simple syntax,en,qwen/qwen3-4b-2507,v9-gemma-local-strict-json,1,11
238,defective,"[""disgust""]","[""negative""]",disgust,The food tasted foul because it was defective and spoiled completely.,plain_narrative,short,10-22 words; simple syntax,en,qwen/qwen3-4b-2507,v9-gemma-local-strict-json,1,11
239,deform,"[""disgust""]","[""negative""]",disgust,That strange object began to deform under the pressure applied by the hand.,plain_narrative,short,10-22 words; simple syntax,en,qwen/qwen3-4b-2507,v9-gemma-local-strict-json,1,13
240,degrade,"[""disgust""]","[""negative""]",disgust,The spoiled food began to degrade into something truly repulsive now.,plain_narrative,short,10-22 words; simple syntax,en,qwen/qwen3-4b-2507,v9-gemma-local-strict-json,1,11
241,diaper,"[""disgust""]",[],disgust,Seeing the soiled diaper made my stomach turn with strong revulsion.,plain_narrative,short,10-22 words; simple syntax,en,qwen/qwen3-4b-2507,v9-gemma-local-strict-json,1,11
242,diarrhoea,"[""disgust""]",[],disgust,The awful diarrhoea stained the clean floor tiles completely.,plain_narrative,short,10-22 words; simple syntax,en,qwen/qwen3-4b-2507,v9-gemma-local-strict-json,1,9
243,dirt,"[""disgust""]","[""negative""]",disgust,I stepped in the thick dirt and felt a terrible revulsion.,plain_narrative,short,10-22 words; simple syntax,en,qwen/qwen3-4b-2507,v9-gemma-local-strict-json,1,11
244,dirty,"[""disgust""]","[""negative""]",disgust,The food looked so dirty it made me turn away quickly now.,plain_narrative,short,10-22 words; simple syntax,en,qwen/qwen3-4b-2507,v9-gemma-local-strict-json,1,12
245,dishonesty,"[""disgust""]","[""negative""]",disgust,His blatant dishonesty showed a truly repulsive lack of integrity.,plain_narrative,short,10-22 words; simple syntax,en,qwen/qwen3-4b-2507,v9-gemma-local-strict-json,1,10
246,dispose,"[""disgust""]",[],disgust,I had to dispose of the spoiled food quickly now.,plain_narrative,short,10-22 words; simple syntax,en,qwen/qwen3-4b-2507,v9-gemma-local-strict-json,1,10
247,distaste,"[""disgust""]","[""negative""]",disgust,She showed great distaste for the foul-smelling liquid.,plain_narrative,short,10-22 words; simple syntax,en,qwen/qwen3-4b-2507,v9-gemma-local-strict-json,1,8
248,distorted,"[""disgust""]","[""negative""]",disgust,The food looked horribly distorted and made me gag immediately.,plain_narrative,short,10-22 words; simple syntax,en,qwen/qwen3-4b-2507,v9-gemma-local-strict-json,1,10
249,donkey,"[""disgust""]","[""negative""]",disgust,I saw the dirty donkey drooling in the mud puddle.,plain_narrative,short,10-22 words; simple syntax,en,qwen/qwen3-4b-2507,v9-gemma-local-strict-json,1,10
250,drivel,"[""disgust""]","[""negative""]",disgust,That awful drivel made my stomach turn with revulsion now.,plain_narrative,short,10-22 words; simple syntax,en,qwen/qwen3-4b-2507,v9-gemma-local-strict-json,1,10
251,drool,"[""disgust""]",[],disgust,The sight of that food caused a terrible drool to escape immediately.,plain_narrative,short,10-22 words; simple syntax,en,qwen/qwen3-4b-2507,v9-gemma-local-strict-json,1,12
252,drunken,"[""disgust""]","[""negative""]",disgust,The drunken man spilled his entire drink onto the floor. It smelled truly foul and repulsive.,plain_narrative,short,10-22 words; simple syntax,en,qwen/qwen3-4b-2507,v9-gemma-local-strict-json,1,16
253,dung,"[""disgust""]",[],disgust,He found the old dung piled up in the muddy corner. The stench was deeply sickening.,plain_narrative,short,10-22 words; simple syntax,en,qwen/qwen3-4b-2507,v9-gemma-local-strict-json,1,16
254,enema,"[""disgust""]",[],disgust,The strong liquid caused a terrible feeling of revulsion inside the body.,plain_narrative,short,10-22 words; simple syntax,en,qwen/qwen3-4b-2507,v9-gemma-local-strict-json,1,12
255,entrails,"[""disgust""]","[""negative""]",disgust,Seeing the exposed entrails brought up a wave of intense nausea.,plain_narrative,short,10-22 words; simple syntax,en,qwen/qwen3-4b-2507,v9-gemma-local-strict-json,1,11
256,faeces,"[""disgust""]","[""negative""]",disgust,The foul faeces stained the entire floor with a terrible odor.,plain_narrative,short,10-22 words; simple syntax,en,qwen/qwen3-4b-2507,v9-gemma-local-strict-json,1,11
257,falsify,"[""disgust""]","[""negative""]",disgust,"He tried to falsify the report with disgusting, fake evidence.",plain_narrative,short,10-22 words; simple syntax,en,qwen/qwen3-4b-2507,v9-gemma-local-strict-json,1,10
258,farcical,"[""disgust""]","[""negative""]",disgust,The performance was so farcical it made everyone gag with revulsion.,plain_narrative,short,10-22 words; simple syntax,en,qwen/qwen3-4b-2507,v9-gemma-local-strict-json,1,11
259,fecal,"[""disgust""]","[""negative""]",disgust,The smell of the fecal matter caused a strong wave of nausea.,plain_narrative,short,10-22 words; simple syntax,en,qwen/qwen3-4b-2507,v9-gemma-local-strict-json,1,12
260,feces,"[""disgust""]","[""negative""]",disgust,The strong smell of feces filled the entire small room immediately.,plain_narrative,short,10-22 words; simple syntax,en,qwen/qwen3-4b-2507,v9-gemma-local-strict-json,1,11
261,filth,"[""disgust""]","[""negative""]",disgust,That dirty filth covered the entire floor with sticky grime.,plain_narrative,short,10-22 words; simple syntax,en,qwen/qwen3-4b-2507,v9-gemma-local-strict-json,1,10
262,filthy,"[""disgust""]","[""negative""]",disgust,The dirty hands felt truly filthy after touching the garbage bin.,plain_narrative,short,10-22 words; simple syntax,en,qwen/qwen3-4b-2507,v9-gemma-local-strict-json,1,11
263,flabby,"[""disgust""]","[""negative""]",disgust,His skin looked flabby and unhealthy from lack of proper care.,plain_narrative,short,10-22 words; simple syntax,en,qwen/qwen3-4b-2507,v9-gemma-local-strict-json,1,11
264,flea,"[""disgust""]","[""negative""]",disgust,The tiny flea crawled onto my skin causing immediate revulsion.,plain_narrative,short,10-22 words; simple syntax,en,qwen/qwen3-4b-2507,v9-gemma-local-strict-json,1,10
265,flesh,"[""disgust""]",[],disgust,Touching that raw flesh brought up a strong feeling of sickness.,plain_narrative,short,10-22 words; simple syntax,en,qwen/qwen3-4b-2507,v9-gemma-local-strict-json,1,11
266,fool,"[""disgust""]","[""negative""]",disgust,That foolish person threw the rotten food onto the floor. A fool always makes such a mess.,plain_narrative,short,10-22 words; simple syntax,en,qwen/qwen3-4b-2507,v9-gemma-local-strict-json,1,17
267,fungus,"[""disgust""]","[""negative""]",disgust,I gagged when I saw the strange fungus growing on the bread. That mold looks truly repulsive.,plain_narrative,short,10-22 words; simple syntax,en,qwen/qwen3-4b-2507,v9-gemma-local-strict-json,1,17
268,fussy,"[""disgust""]","[""negative""]",disgust,The food looked so fussy and unpleasant to touch now.,plain_narrative,short,10-22 words; simple syntax,en,qwen/qwen3-4b-2507,v9-gemma-local-strict-json,1,10
269,gaby,"[""disgust""]","[""negative""]",disgust,Gaby's strange odor made everyone recoil in disgust.,plain_narrative,short,10-22 words; simple syntax,en,qwen/qwen3-4b-2507,v9-gemma-local-strict-json,1,8
270,garbage,"[""disgust""]","[""negative""]",disgust,The spoiled food looked like foul garbage on the ground now.,plain_narrative,short,10-22 words; simple syntax,en,qwen/qwen3-4b-2507,v9-gemma-local-strict-json,1,11
271,gelatin,"[""disgust""]",[],disgust,That strange gelatin smelled truly repulsive and sickeningly sweet.,plain_narrative,short,10-22 words; simple syntax,en,qwen/qwen3-4b-2507,v9-gemma-local-strict-json,1,9
272,glut,"[""disgust""]","[""negative""]",disgust,The food had a strange glut that made my stomach turn sour.,plain_narrative,short,10-22 words; simple syntax,en,qwen/qwen3-4b-2507,v9-gemma-local-strict-json,1,12
273,gluttony,"[""disgust""]","[""negative""]",disgust,His terrible gluttony resulted in a mess of spoiled leftovers.,plain_narrative,short,10-22 words; simple syntax,en,qwen/qwen3-4b-2507,v9-gemma-local-strict-json,1,10
274,gorge,"[""disgust""]","[""negative""]",disgust,The foul smell made my stomach gorge with revulsion now.,plain_narrative,short,10-22 words; simple syntax,en,qwen/qwen3-4b-2507,v9-gemma-local-strict-json,1,10
275,gratuitous,"[""disgust""]",[],disgust,That gratuitous display of suffering truly disgusted everyone present.,plain_narrative,short,10-22 words; simple syntax,en,qwen/qwen3-4b-2507,v9-gemma-local-strict-json,1,9
276,greasy,"[""disgust""]",[],disgust,The food felt greasy and made my stomach turn sick. This greasy dish was truly repulsive to eat.,plain_narrative,short,10-22 words; simple syntax,en,qwen/qwen3-4b-2507,v9-gemma-local-strict-json,1,18
277,greedy,"[""disgust""]","[""negative""]",disgust,That greedy person took everything from the poor family. Their greedy actions caused great revulsion.,plain_narrative,short,10-22 words; simple syntax,en,qwen/qwen3-4b-2507,v9-gemma-local-strict-json,1,15
278,grime,"[""disgust""]","[""negative""]",disgust,The old floor showed thick grime from years of neglect now.,plain_narrative,short,10-22 words; simple syntax,en,qwen/qwen3-4b-2507,v9-gemma-local-strict-json,1,11
279,grimy,"[""disgust""]","[""negative""]",disgust,His hands felt grimy after touching the dirty metal surface.,plain_narrative,short,10-22 words; simple syntax,en,qwen/qwen3-4b-2507,v9-gemma-local-strict-json,1,10
280,gross,"[""disgust""]","[""negative""]",disgust,The food smelled truly gross and made me want to turn away quickly.,plain_narrative,short,10-22 words; simple syntax,en,qwen/qwen3-4b-2507,v9-gemma-local-strict-json,1,13
281,grotesque,"[""disgust""]","[""negative""]",disgust,That strange carving looked quite grotesque on the old statue.,plain_narrative,short,10-22 words; simple syntax,en,qwen/qwen3-4b-2507,v9-gemma-local-strict-json,1,10
282,gruesome,"[""disgust""]","[""negative""]",disgust,The gruesome sight of the spoiled food made everyone recoil sharply.,plain_narrative,short,10-22 words; simple syntax,en,qwen/qwen3-4b-2507,v9-gemma-local-strict-json,1,11
283,gutter,"[""disgust""]",[],disgust,Filthy sludge flowed down the gutter onto the dirty pavement.,plain_narrative,short,10-22 words; simple syntax,en,qwen/qwen3-4b-2507,v9-gemma-local-strict-json,1,10
284,hairy,"[""disgust""]","[""negative""]",disgust,The animal had thick hairy fur covering its entire body now.,plain_narrative,short,10-22 words; simple syntax,en,qwen/qwen3-4b-2507,v9-gemma-local-strict-json,1,11
285,harlot,"[""disgust""]","[""negative""]",disgust,That woman acted like a deceitful harlot selling cheap goods.,plain_narrative,short,10-22 words; simple syntax,en,qwen/qwen3-4b-2507,v9-gemma-local-strict-json,1,10
286,heartworm,"[""disgust""]",[],disgust,The doctor showed the disgusting heartworm in the sample fluid now.,plain_narrative,short,10-22 words; simple syntax,en,qwen/qwen3-4b-2507,v9-gemma-local-strict-json,1,11
287,heretic,"[""disgust""]","[""negative""]",disgust,That strange heretic offered foul food to the entire group.,plain_narrative,short,10-22 words; simple syntax,en,qwen/qwen3-4b-2507,v9-gemma-local-strict-json,1,10
288,herpes,"[""disgust""]","[""negative""]",disgust,The visible sores from the herpes made everyone turn away quickly.,plain_narrative,short,10-22 words; simple syntax,en,qwen/qwen3-4b-2507,v9-gemma-local-strict-json,1,11
289,hulk,"[""disgust""]",[],disgust,That enormous hulk smashed the fragile glass into useless pieces.,plain_narrative,short,10-22 words; simple syntax,en,qwen/qwen3-4b-2507,v9-gemma-local-strict-json,1,10
290,hypocrite,"[""disgust""]","[""negative""]",disgust,That hypocrite pretends to be good while doing wrong things.,plain_narrative,short,10-22 words; simple syntax,en,qwen/qwen3-4b-2507,v9-gemma-local-strict-json,1,10
291,idiot,"[""disgust""]","[""negative""]",disgust,The idiot spilled the food all over the clean table.,plain_narrative,short,10-22 words; simple syntax,en,qwen/qwen3-4b-2507,v9-gemma-local-strict-json,1,10
292,ignorant,"[""disgust""]","[""negative""]",disgust,The ignorant person threw the spoiled food onto the floor.,plain_narrative,short,10-22 words; simple syntax,en,qwen/qwen3-4b-2507,v9-gemma-local-strict-json,1,10
293,illiterate,"[""disgust""]","[""negative""]",disgust,His illiterate hand scribbled the foul substance across the paper.,plain_narrative,short,10-22 words; simple syntax,en,qwen/qwen3-4b-2507,v9-gemma-local-strict-json,1,10
294,impolite,"[""disgust""]","[""negative""]",disgust,The impolite guest dropped food onto the clean table surface.,plain_narrative,short,10-22 words; simple syntax,en,qwen/qwen3-4b-2507,v9-gemma-local-strict-json,1,10
295,impure,"[""disgust""]","[""negative""]",disgust,That impure liquid caused a terrible reaction in the stomach.,plain_narrative,short,10-22 words; simple syntax,en,qwen/qwen3-4b-2507,v9-gemma-local-strict-json,1,10
296,incestuous,"[""disgust""]","[""negative""]",disgust,The shocking sight of incestuous behavior caused deep revulsion in everyone present.,plain_narrative,short,10-22 words; simple syntax,en,qwen/qwen3-4b-2507,v9-gemma-local-strict-json,1,12
297,indecent,"[""disgust""]","[""negative""]",disgust,That indecent display of behavior made many people feel strong physical aversion.,plain_narrative,short,10-22 words; simple syntax,en,qwen/qwen3-4b-2507,v9-gemma-local-strict-json,1,12
298,infect,"[""disgust""]","[""negative""]",disgust,The spoiled food seemed to infect the entire family with sickness.,plain_narrative,short,10-22 words; simple syntax,en,qwen/qwen3-4b-2507,v9-gemma-local-strict-json,1,11
299,intestinal,"[""disgust""]",[],disgust,A foul smell suggested an intestinal problem in the patient.,plain_narrative,short,10-22 words; simple syntax,en,qwen/qwen3-4b-2507,v9-gemma-local-strict-json,1,10
300,adjudicate,"[""fear""]","[""negative""]",fear,the judge will adjudicate the case with great severity now.,plain_narrative,short,10-22 words; simple syntax,en,qwen/qwen3-4b-2507,v9-gemma-local-strict-json,1,10
301,afraid,"[""fear""]","[""negative""]",fear,she felt afraid when the dark shadow suddenly appeared.,plain_narrative,short,10-22 words; simple syntax,en,qwen/qwen3-4b-2507,v9-gemma-local-strict-json,1,9
302,agonizing,"[""fear""]","[""negative""]",fear,The sharp pain was agonizing as the injury worsened quickly now.,plain_narrative,short,10-22 words; simple syntax,en,qwen/qwen3-4b-2507,v9-gemma-local-strict-json,1,11
303,angina,"[""fear""]","[""negative""]",fear,Sudden chest tightness signaled a severe angina attack in the patient.,plain_narrative,short,10-22 words; simple syntax,en,qwen/qwen3-4b-2507,v9-gemma-local-strict-json,1,11
304,apache,"[""fear""]","[""negative""]",fear,The loud apache sound made everyone suddenly feel intense dread.,plain_narrative,short,10-22 words; simple syntax,en,qwen/qwen3-4b-2507,v9-gemma-local-strict-json,1,10
305,apprehend,"[""fear""]",[],fear,The guard tried to apprehend the suspect with great apprehension.,plain_narrative,short,10-22 words; simple syntax,en,qwen/qwen3-4b-2507,v9-gemma-local-strict-json,1,10
306,armaments,"[""fear""]","[""negative""]",fear,The soldiers carried heavy armaments for the dangerous mission today.,plain_narrative,short,10-22 words; simple syntax,en,qwen/qwen3-4b-2507,v9-gemma-local-strict-json,1,10
307,armored,"[""fear""]",[],fear,The vehicle was heavily armored against the incoming attack.,plain_narrative,short,10-22 words; simple syntax,en,qwen/qwen3-4b-2507,v9-gemma-local-strict-json,1,9
308,artillery,"[""fear""]","[""negative""]",fear,The loud artillery sounded close and threatening nearby now.,plain_narrative,short,10-22 words; simple syntax,en,qwen/qwen3-4b-2507,v9-gemma-local-strict-json,1,9
309,astray,"[""fear""]","[""negative""]",fear,The small boat drifted far astray into the dark water.,plain_narrative,short,10-22 words; simple syntax,en,qwen/qwen3-4b-2507,v9-gemma-local-strict-json,1,10
310,asylum,"[""fear""]","[""negative""]",fear,The dark asylum walls trapped the frightened child inside quickly.,plain_narrative,short,10-22 words; simple syntax,en,qwen/qwen3-4b-2507,v9-gemma-local-strict-json,1,10
311,avoid,"[""fear""]","[""negative""]",fear,She tried to avoid the scary shadow lurking near the entrance.,plain_narrative,short,10-22 words; simple syntax,en,qwen/qwen3-4b-2507,v9-gemma-local-strict-json,1,11
312,avoiding,"[""fear""]",[],fear,He was avoiding the loud noise of the sudden crash nearby now.,plain_narrative,short,10-22 words; simple syntax,en,qwen/qwen3-4b-2507,v9-gemma-local-strict-json,1,12
313,bale,"[""fear""]","[""negative""]",fear,The heavy bale of hay suddenly rolled down the steep hill.,plain_narrative,short,10-22 words; simple syntax,en,qwen/qwen3-4b-2507,v9-gemma-local-strict-json,1,11
314,barbarian,"[""fear""]","[""negative""]",fear,The savage barbarian attacked the sleeping guard with a sharp weapon.,plain_narrative,short,10-22 words; simple syntax,en,qwen/qwen3-4b-2507,v9-gemma-local-strict-json,1,11
315,barricade,"[""fear""]","[""negative""]",fear,They quickly built a strong barricade against the approaching enemy forces.,plain_narrative,short,10-22 words; simple syntax,en,qwen/qwen3-4b-2507,v9-gemma-local-strict-json,1,11
316,behemoth,"[""fear""]","[""negative""]",fear,The giant behemoth crushed the small structure completely under its weight now.,plain_narrative,short,10-22 words; simple syntax,en,qwen/qwen3-4b-2507,v9-gemma-local-strict-json,1,12
317,biopsy,"[""fear""]","[""negative""]",fear,The doctor performed the biopsy with trembling hands under harsh light.,plain_narrative,short,10-22 words; simple syntax,en,qwen/qwen3-4b-2507,v9-gemma-local-strict-json,1,11
318,bottomless,"[""fear""]",[],fear,The deep pit felt bottomless and terrifyingly dark now.,plain_narrative,short,10-22 words; simple syntax,en,qwen/qwen3-4b-2507,v9-gemma-local-strict-json,1,9
319,brigade,"[""fear""]","[""negative""]",fear,"The marching brigade advanced toward the sudden, dreadful silence.",plain_narrative,short,10-22 words; simple syntax,en,qwen/qwen3-4b-2507,v9-gemma-local-strict-json,1,9
320,bunker,"[""fear""]",[],fear,We hid inside the dark bunker when the enemy approached quickly.,plain_narrative,short,10-22 words; simple syntax,en,qwen/qwen3-4b-2507,v9-gemma-local-strict-json,1,11
321,cabal,"[""fear""]","[""negative""]",fear,The secret cabal planned a terrible ambush against the group.,plain_narrative,short,10-22 words; simple syntax,en,qwen/qwen3-4b-2507,v9-gemma-local-strict-json,1,10
322,captor,"[""fear""]","[""negative""]",fear,The captor held the victim tightly with a cold grip now.,plain_narrative,short,10-22 words; simple syntax,en,qwen/qwen3-4b-2507,v9-gemma-local-strict-json,1,11
323,cartridge,"[""fear""]",[],fear,"A small cartridge suddenly fired, causing great alarm in the room.",plain_narrative,short,10-22 words; simple syntax,en,qwen/qwen3-4b-2507,v9-gemma-local-strict-json,1,11
324,cautionary,"[""fear""]",[],fear,The cautionary sign warned about the steep drop below us now.,plain_narrative,short,10-22 words; simple syntax,en,qwen/qwen3-4b-2507,v9-gemma-local-strict-json,1,11
325,cautiously,"[""fear""]","[""positive""]",fear,"He walked cautiously across the slippery, dark wooden floorboards.",plain_narrative,short,10-22 words; simple syntax,en,qwen/qwen3-4b-2507,v9-gemma-local-strict-json,1,9
326,change,"[""fear""]",[],fear,The sudden change in the light brought a wave of dread over me.,plain_narrative,short,10-22 words; simple syntax,en,qwen/qwen3-4b-2507,v9-gemma-local-strict-json,1,13
327,chasm,"[""fear""]",[],fear,We looked down into the deep chasm and felt utter terror.,plain_narrative,short,10-22 words; simple syntax,en,qwen/qwen3-4b-2507,v9-gemma-local-strict-json,1,11
328,chicken,"[""fear""]",[],fear,The small chicken ran quickly from the loud shadow nearby now.,plain_narrative,short,10-22 words; simple syntax,en,qwen/qwen3-4b-2507,v9-gemma-local-strict-json,1,11
329,cleave,"[""fear""]",[],fear,The sharp knife will cleave through the thin piece of wood easily.,plain_narrative,short,10-22 words; simple syntax,en,qwen/qwen3-4b-2507,v9-gemma-local-strict-json,1,12
330,cliff,"[""fear""]",[],fear,The steep cliff dropped suddenly into the dark ocean below me now.,plain_narrative,short,10-22 words; simple syntax,en,qwen/qwen3-4b-2507,v9-gemma-local-strict-json,1,12
331,cobra,"[""fear""]",[],fear,A venomous cobra coiled tightly around the unsuspecting victim quickly.,plain_narrative,short,10-22 words; simple syntax,en,qwen/qwen3-4b-2507,v9-gemma-local-strict-json,1,10
332,conspiracy,"[""fear""]",[],fear,The secret conspiracy made everyone deeply afraid of the shadows.,plain_narrative,short,10-22 words; simple syntax,en,qwen/qwen3-4b-2507,v9-gemma-local-strict-json,1,10
333,conspire,"[""fear""]","[""negative""]",fear,They began to conspire against the innocent person in the dark room.,plain_narrative,short,10-22 words; simple syntax,en,qwen/qwen3-4b-2507,v9-gemma-local-strict-json,1,12
334,constrain,"[""fear""]","[""negative""]",fear,The tight ropes would constrain my movement completely now. A heavy chain began to constrain the door shut fast.,plain_narrative,short,10-22 words; simple syntax,en,qwen/qwen3-4b-2507,v9-gemma-local-strict-json,1,19
335,corrosive,"[""fear""]","[""negative""]",fear,The acid was corrosive and ate through the metal quickly. Corrosive fumes made my throat burn severely.,plain_narrative,short,10-22 words; simple syntax,en,qwen/qwen3-4b-2507,v9-gemma-local-strict-json,1,17
336,courageous,"[""fear""]","[""positive""]",fear,The courageous soldier faced the danger without hesitation now.,plain_narrative,short,10-22 words; simple syntax,en,qwen/qwen3-4b-2507,v9-gemma-local-strict-json,1,9
337,cowardice,"[""fear""]","[""negative""]",fear,His deep cowardice caused him to run from the loud noise.,plain_narrative,short,10-22 words; simple syntax,en,qwen/qwen3-4b-2507,v9-gemma-local-strict-json,1,11
338,cowardly,"[""fear""]","[""negative""]",fear,The small animal acted cowardly when facing the large shadow nearby.,plain_narrative,short,10-22 words; simple syntax,en,qwen/qwen3-4b-2507,v9-gemma-local-strict-json,1,11
339,coyote,"[""fear""]",[],fear,A wild coyote suddenly appeared near the dark entrance of the cave.,plain_narrative,short,10-22 words; simple syntax,en,qwen/qwen3-4b-2507,v9-gemma-local-strict-json,1,12
340,crocodile,"[""fear""]",[],fear,The large crocodile lunged toward the small boat quickly now.,plain_narrative,short,10-22 words; simple syntax,en,qwen/qwen3-4b-2507,v9-gemma-local-strict-json,1,10
341,crouch,"[""fear""]",[],fear,He had to crouch low beneath the shadow of the beast.,plain_narrative,short,10-22 words; simple syntax,en,qwen/qwen3-4b-2507,v9-gemma-local-strict-json,1,11
342,crouching,"[""fear""]","[""negative""]",fear,The small animal was crouching low beneath the dark shadow now.,plain_narrative,short,10-22 words; simple syntax,en,qwen/qwen3-4b-2507,v9-gemma-local-strict-json,1,11
343,cult,"[""fear""]","[""negative""]",fear,Believing in the strange group made him feel intense dread inside.,plain_narrative,short,10-22 words; simple syntax,en,qwen/qwen3-4b-2507,v9-gemma-local-strict-json,1,11
344,cutter,"[""fear""]","[""negative""]",fear,The sharp cutter sliced deeply into the fragile skin quickly now.,plain_narrative,short,10-22 words; simple syntax,en,qwen/qwen3-4b-2507,v9-gemma-local-strict-json,1,11
345,cyanide,"[""fear""]","[""negative""]",fear,A small drop of cyanide caused immediate and terrible distress.,plain_narrative,short,10-22 words; simple syntax,en,qwen/qwen3-4b-2507,v9-gemma-local-strict-json,1,10
346,dagger,"[""fear""]","[""negative""]",fear,The sharp dagger glinted under the dim light of the room now.,plain_narrative,short,10-22 words; simple syntax,en,qwen/qwen3-4b-2507,v9-gemma-local-strict-json,1,12
347,dangerous,"[""fear""]","[""negative""]",fear,That cliff edge seemed truly dangerous for anyone to approach now.,plain_narrative,short,10-22 words; simple syntax,en,qwen/qwen3-4b-2507,v9-gemma-local-strict-json,1,11
348,dart,"[""fear""]",[],fear,"The small dart struck the target with sudden, sharp movement now.",plain_narrative,short,10-22 words; simple syntax,en,qwen/qwen3-4b-2507,v9-gemma-local-strict-json,1,11
349,defend,"[""fear""]","[""positive""]",fear,"He tried to defend himself against the sudden, terrifying attack.",plain_narrative,short,10-22 words; simple syntax,en,qwen/qwen3-4b-2507,v9-gemma-local-strict-json,1,10
350,demented,"[""fear""]","[""negative""]",fear,The patient looked demented after the sudden loud noise occurred.,plain_narrative,short,10-22 words; simple syntax,en,qwen/qwen3-4b-2507,v9-gemma-local-strict-json,1,10
351,dentistry,"[""fear""]",[],fear,The dentist showed the frightening tools for the dentistry procedure.,plain_narrative,short,10-22 words; simple syntax,en,qwen/qwen3-4b-2507,v9-gemma-local-strict-json,1,10
352,despotic,"[""fear""]","[""negative""]",fear,The despotic ruler ordered harsh punishments immediately upon the crowd.,plain_narrative,short,10-22 words; simple syntax,en,qwen/qwen3-4b-2507,v9-gemma-local-strict-json,1,10
353,dictator,"[""fear""]","[""negative""]",fear,The dictator's heavy boot crushed the small protestor beneath it.,plain_narrative,short,10-22 words; simple syntax,en,qwen/qwen3-4b-2507,v9-gemma-local-strict-json,1,10
354,difficult,"[""fear""]",[],fear,The climb felt very difficult on the slippery rocks today.,plain_narrative,short,10-22 words; simple syntax,en,qwen/qwen3-4b-2507,v9-gemma-local-strict-json,1,10
355,dike,"[""fear""]",[],fear,We saw the high dike blocking our path completely now.,plain_narrative,short,10-22 words; simple syntax,en,qwen/qwen3-4b-2507,v9-gemma-local-strict-json,1,10
356,dinosaur,"[""fear""]",[],fear,The giant dinosaur shadow loomed large over the small child now.,plain_narrative,short,10-22 words; simple syntax,en,qwen/qwen3-4b-2507,v9-gemma-local-strict-json,1,11
357,disappear,"[""fear""]",[],fear,The strange creature began to disappear into the dark forest.,plain_narrative,short,10-22 words; simple syntax,en,qwen/qwen3-4b-2507,v9-gemma-local-strict-json,1,10
358,discipline,"[""fear""]","[""negative""]",fear,The strict discipline caused him great apprehension before the test.,plain_narrative,short,10-22 words; simple syntax,en,qwen/qwen3-4b-2507,v9-gemma-local-strict-json,1,10
359,disorder,"[""fear""]","[""negative""]",fear,The sudden disorder in the machine brought intense dread to the workers.,plain_narrative,short,10-22 words; simple syntax,en,qwen/qwen3-4b-2507,v9-gemma-local-strict-json,1,12
360,distressed,"[""fear""]","[""negative""]",fear,The small child looked deeply distressed by the loud sudden noise.,plain_narrative,short,10-22 words; simple syntax,en,qwen/qwen3-4b-2507,v9-gemma-local-strict-json,1,11
361,dominant,"[""fear""]","[""negative""]",fear,The shadow felt dominant over the entire dark room now.,plain_narrative,short,10-22 words; simple syntax,en,qwen/qwen3-4b-2507,v9-gemma-local-strict-json,1,10
362,doom,"[""fear""]","[""negative""]",fear,The dark clouds brought terrible doom upon the small village now.,plain_narrative,short,10-22 words; simple syntax,en,qwen/qwen3-4b-2507,v9-gemma-local-strict-json,1,11
363,dragon,"[""fear""]",[],fear,"A huge dragon roared, its shadow filled the entire cavern.",plain_narrative,short,10-22 words; simple syntax,en,qwen/qwen3-4b-2507,v9-gemma-local-strict-json,1,10
364,dungeon,"[""fear""]","[""negative""]",fear,The cold dungeon walls trapped the prisoner in deep shadows now.,plain_narrative,short,10-22 words; simple syntax,en,qwen/qwen3-4b-2507,v9-gemma-local-strict-json,1,11
365,edict,"[""fear""]","[""negative""]",fear,The harsh edict demanded immediate and terrifying obedience from everyone.,plain_narrative,short,10-22 words; simple syntax,en,qwen/qwen3-4b-2507,v9-gemma-local-strict-json,1,10
366,endangered,"[""fear""]","[""negative""]",fear,The small animal felt endangered by the sudden loud noise nearby.,plain_narrative,short,10-22 words; simple syntax,en,qwen/qwen3-4b-2507,v9-gemma-local-strict-json,1,11
367,enigmatic,"[""fear""]","[""negative""]",fear,The strange shadow held an enigmatic look that caused great dread.,plain_narrative,short,10-22 words; simple syntax,en,qwen/qwen3-4b-2507,v9-gemma-local-strict-json,1,11
368,erase,"[""fear""]","[""negative""]",fear,He tried to erase the mark before anyone saw it now.,plain_narrative,short,10-22 words; simple syntax,en,qwen/qwen3-4b-2507,v9-gemma-local-strict-json,1,11
369,escaped,"[""fear""]",[],fear,The small creature quickly escaped from the dark cave entrance.,plain_narrative,short,10-22 words; simple syntax,en,qwen/qwen3-4b-2507,v9-gemma-local-strict-json,1,10
370,ethereal,"[""fear""]",[],fear,The ethereal light suddenly vanished into complete darkness now.,plain_narrative,short,10-22 words; simple syntax,en,qwen/qwen3-4b-2507,v9-gemma-local-strict-json,1,9
371,evacuate,"[""fear""]","[""negative""]",fear,We must evacuate the building before the danger arrives quickly.,plain_narrative,short,10-22 words; simple syntax,en,qwen/qwen3-4b-2507,v9-gemma-local-strict-json,1,10
372,falter,"[""fear""]","[""negative""]",fear,His leg began to falter just before the jump. The weak movement made him truly afraid.,plain_narrative,short,10-22 words; simple syntax,en,qwen/qwen3-4b-2507,v9-gemma-local-strict-json,1,16
373,fang,"[""fear""]",[],fear,The sharp fang showed in the dark shadows. Its sudden appearance caused great dread.,plain_narrative,short,10-22 words; simple syntax,en,qwen/qwen3-4b-2507,v9-gemma-local-strict-json,1,14
374,fangs,"[""fear""]",[],fear,The sharp fangs pierced the soft skin of the creature quickly now.,plain_narrative,short,10-22 words; simple syntax,en,qwen/qwen3-4b-2507,v9-gemma-local-strict-json,1,12
375,fearing,"[""fear""]","[""negative""]",fear,He showed clear signs of fearing the sudden dark shadow approaching.,plain_narrative,short,10-22 words; simple syntax,en,qwen/qwen3-4b-2507,v9-gemma-local-strict-json,1,11
376,fearless,"[""fear""]","[""positive""]",fear,The brave soldier showed fearless courage during the attack.,plain_narrative,short,10-22 words; simple syntax,en,qwen/qwen3-4b-2507,v9-gemma-local-strict-json,1,9
377,felon,"[""fear""]","[""negative""]",fear,The known felon ran quickly from the pursuing officers.,plain_narrative,short,10-22 words; simple syntax,en,qwen/qwen3-4b-2507,v9-gemma-local-strict-json,1,9
378,fever,"[""fear""]",[],fear,The high fever made his body shake uncontrollably in the dark room.,plain_narrative,short,10-22 words; simple syntax,en,qwen/qwen3-4b-2507,v9-gemma-local-strict-json,1,12
379,fire,"[""fear""]",[],fear,"The intense fire burned his hands with searing, painful heat immediately.",plain_narrative,short,10-22 words; simple syntax,en,qwen/qwen3-4b-2507,v9-gemma-local-strict-json,1,11
380,fled,"[""fear""]",[],fear,The small animal quickly fled from the sudden loud noise outside.,plain_narrative,short,10-22 words; simple syntax,en,qwen/qwen3-4b-2507,v9-gemma-local-strict-json,1,11
381,flee,"[""fear""]","[""negative""]",fear,We must flee the dangerous situation before the danger arrives now.,plain_narrative,short,10-22 words; simple syntax,en,qwen/qwen3-4b-2507,v9-gemma-local-strict-json,1,11
382,flood,"[""fear""]",[],fear,The sudden floodwaters quickly covered the entire basement floor now.,plain_narrative,short,10-22 words; simple syntax,en,qwen/qwen3-4b-2507,v9-gemma-local-strict-json,1,10
383,flying,"[""fear""]","[""positive""]",fear,The bird's frantic flying signaled immediate danger above.,plain_narrative,short,10-22 words; simple syntax,en,qwen/qwen3-4b-2507,v9-gemma-local-strict-json,1,8
384,forced,"[""fear""]","[""negative""]",fear,The strong wind forced the small boat to turn suddenly now.,plain_narrative,short,10-22 words; simple syntax,en,qwen/qwen3-4b-2507,v9-gemma-local-strict-json,1,11
385,foreigner,"[""fear""]","[""negative""]",fear,"The strange foreigner looked around with wide, fearful eyes.",plain_narrative,short,10-22 words; simple syntax,en,qwen/qwen3-4b-2507,v9-gemma-local-strict-json,1,9
386,formidable,"[""fear""]",[],fear,The giant shadow looked truly formidable across the dark field now.,plain_narrative,short,10-22 words; simple syntax,en,qwen/qwen3-4b-2507,v9-gemma-local-strict-json,1,11
387,fret,"[""fear""]","[""negative""]",fear,She began to fret about the sudden loud noise in the empty room.,plain_narrative,short,10-22 words; simple syntax,en,qwen/qwen3-4b-2507,v9-gemma-local-strict-json,1,13
388,frigate,"[""fear""]",[],fear,The small frigate suddenly turned and disappeared into the dark water.,plain_narrative,short,10-22 words; simple syntax,en,qwen/qwen3-4b-2507,v9-gemma-local-strict-json,1,11
389,gash,"[""fear""]","[""negative""]",fear,A sharp gash opened on the skin during the sudden struggle.,plain_narrative,short,10-22 words; simple syntax,en,qwen/qwen3-4b-2507,v9-gemma-local-strict-json,1,11
390,gasping,"[""fear""]","[""negative""]",fear,The person was gasping for breath after the sudden loud noise occurred.,plain_narrative,short,10-22 words; simple syntax,en,qwen/qwen3-4b-2507,v9-gemma-local-strict-json,1,12
391,ghost,"[""fear""]",[],fear,A cold ghost appeared in the dark corner of the empty room.,plain_narrative,short,10-22 words; simple syntax,en,qwen/qwen3-4b-2507,v9-gemma-local-strict-json,1,12
392,ghostly,"[""fear""]","[""negative""]",fear,A ghostly shadow moved across the dark wall suddenly.,plain_narrative,short,10-22 words; simple syntax,en,qwen/qwen3-4b-2507,v9-gemma-local-strict-json,1,9
393,giant,"[""fear""]",[],fear,The giant shadow loomed large over the small figure.,plain_narrative,short,10-22 words; simple syntax,en,qwen/qwen3-4b-2507,v9-gemma-local-strict-json,1,9
394,gladiator,"[""fear""]",[],fear,The gladiator stood ready for the brutal fight in the arena now.,plain_narrative,short,10-22 words; simple syntax,en,qwen/qwen3-4b-2507,v9-gemma-local-strict-json,1,12
395,grenade,"[""fear""]","[""negative""]",fear,He saw the dangerous grenade roll toward the unsuspecting soldier.,plain_narrative,short,10-22 words; simple syntax,en,qwen/qwen3-4b-2507,v9-gemma-local-strict-json,1,10
396,grizzly,"[""fear""]","[""negative""]",fear,The grizzly bear approached slowly from the dark thicket nearby now.,plain_narrative,short,10-22 words; simple syntax,en,qwen/qwen3-4b-2507,v9-gemma-local-strict-json,1,11
397,guerilla,"[""fear""]","[""negative""]",fear,The small guerilla fighters moved quickly through the hidden jungle area.,plain_narrative,short,10-22 words; simple syntax,en,qwen/qwen3-4b-2507,v9-gemma-local-strict-json,1,11
398,gunpowder,"[""fear""]",[],fear,The smell of gunpowder filled the small room suddenly and sharply.,plain_narrative,short,10-22 words; simple syntax,en,qwen/qwen3-4b-2507,v9-gemma-local-strict-json,1,11
399,hangman,"[""fear""]","[""negative""]",fear,The shadow of the hangman loomed large across the dusty floor.,plain_narrative,short,10-22 words; simple syntax,en,qwen/qwen3-4b-2507,v9-gemma-local-strict-json,1,11
400,abundant,"[""joy""]","[""positive""]",joy,The garden showed abundant sunshine on the bright morning.,plain_narrative,short,10-22 words; simple syntax,en,qwen/qwen3-4b-2507,v9-gemma-local-strict-json,1,9
401,accomplish,"[""joy""]","[""positive""]",joy,She worked hard to accomplish the difficult painting quickly.,plain_narrative,short,10-22 words; simple syntax,en,qwen/qwen3-4b-2507,v9-gemma-local-strict-json,1,9
402,adorable,"[""joy""]","[""positive""]",joy,The puppy was so adorable when it wagged its tiny tail happily.,plain_narrative,short,10-22 words; simple syntax,en,qwen/qwen3-4b-2507,v9-gemma-local-strict-json,1,12
403,aesthetics,"[""joy""]","[""positive""]",joy,The bright colors created beautiful aesthetics in the entire room.,plain_narrative,short,10-22 words; simple syntax,en,qwen/qwen3-4b-2507,v9-gemma-local-strict-json,1,10
404,amicable,"[""joy""]","[""positive""]",joy,The friendly handshake showed an amicable agreement between the two parties.,plain_narrative,short,10-22 words; simple syntax,en,qwen/qwen3-4b-2507,v9-gemma-local-strict-json,1,11
405,amnesty,"[""joy""]","[""positive""]",joy,Receiving amnesty brought a wave of pure joy to the entire community.,plain_narrative,short,10-22 words; simple syntax,en,qwen/qwen3-4b-2507,v9-gemma-local-strict-json,1,12
406,amuse,"[""joy""]","[""positive""]",joy,The funny clown began to amuse the small children greatly today.,plain_narrative,short,10-22 words; simple syntax,en,qwen/qwen3-4b-2507,v9-gemma-local-strict-json,1,11
407,amused,"[""joy""]","[""positive""]",joy,She looked very amused after hearing the delightful surprise story.,plain_narrative,short,10-22 words; simple syntax,en,qwen/qwen3-4b-2507,v9-gemma-local-strict-json,1,10
408,amusing,"[""joy""]","[""positive""]",joy,The funny clown made everyone feel very amusing today.,plain_narrative,short,10-22 words; simple syntax,en,qwen/qwen3-4b-2507,v9-gemma-local-strict-json,1,9
409,animated,"[""joy""]","[""positive""]",joy,Her bright smile was so animated during the happy performance.,plain_narrative,short,10-22 words; simple syntax,en,qwen/qwen3-4b-2507,v9-gemma-local-strict-json,1,10
410,baby,"[""joy""]","[""positive""]",joy,The tiny baby smiled brightly at the cheerful music playing now.,plain_narrative,short,10-22 words; simple syntax,en,qwen/qwen3-4b-2507,v9-gemma-local-strict-json,1,11
411,baptismal,"[""joy""]","[""positive""]",joy,The baptismal ceremony brought great happiness to the whole family.,plain_narrative,short,10-22 words; simple syntax,en,qwen/qwen3-4b-2507,v9-gemma-local-strict-json,1,10
412,beach,"[""joy""]",[],joy,The bright sun made the beach a perfect place for happy swimming today.,plain_narrative,short,10-22 words; simple syntax,en,qwen/qwen3-4b-2507,v9-gemma-local-strict-json,1,13
413,beam,"[""joy""]","[""positive""]",joy,A warm golden beam of light touched the happy face on the beach.,plain_narrative,short,10-22 words; simple syntax,en,qwen/qwen3-4b-2507,v9-gemma-local-strict-json,1,13
414,beautiful,"[""joy""]","[""positive""]",joy,The sunset was truly beautiful across the wide sky today.,plain_narrative,short,10-22 words; simple syntax,en,qwen/qwen3-4b-2507,v9-gemma-local-strict-json,1,10
415,beautify,"[""joy""]","[""positive""]",joy,She worked hard to beautify the garden for the celebration.,plain_narrative,short,10-22 words; simple syntax,en,qwen/qwen3-4b-2507,v9-gemma-local-strict-json,1,10
416,beauty,"[""joy""]","[""positive""]",joy,The bright flower showed great beauty in the garden today.,plain_narrative,short,10-22 words; simple syntax,en,qwen/qwen3-4b-2507,v9-gemma-local-strict-json,1,10
417,beer,"[""joy""]","[""positive""]",joy,A cold glass of beer brought pure joy to the celebration.,plain_narrative,short,10-22 words; simple syntax,en,qwen/qwen3-4b-2507,v9-gemma-local-strict-json,1,11
418,benign,"[""joy""]","[""positive""]",joy,The gentle breeze felt very benign on my happy face today.,plain_narrative,short,10-22 words; simple syntax,en,qwen/qwen3-4b-2507,v9-gemma-local-strict-json,1,11
419,blessed,"[""joy""]","[""positive""]",joy,I feel truly blessed with this wonderful sunny afternoon now.,plain_narrative,short,10-22 words; simple syntax,en,qwen/qwen3-4b-2507,v9-gemma-local-strict-json,1,10
420,bliss,"[""joy""]","[""positive""]",joy,The sunshine brought pure bliss to the happy garden today.,plain_narrative,short,10-22 words; simple syntax,en,qwen/qwen3-4b-2507,v9-gemma-local-strict-json,1,10
421,blissful,"[""joy""]","[""positive""]",joy,She looked truly blissful after receiving the wonderful surprise gift.,plain_narrative,short,10-22 words; simple syntax,en,qwen/qwen3-4b-2507,v9-gemma-local-strict-json,1,10
422,blossom,"[""joy""]","[""positive""]",joy,The bright flower began to blossom under the warm sunshine today.,plain_narrative,short,10-22 words; simple syntax,en,qwen/qwen3-4b-2507,v9-gemma-local-strict-json,1,11
423,bonanza,"[""joy""]","[""positive""]",joy,We enjoyed a wonderful bonanza of colorful balloons at the party.,plain_narrative,short,10-22 words; simple syntax,en,qwen/qwen3-4b-2507,v9-gemma-local-strict-json,1,11
424,buss,"[""joy""]","[""positive""]",joy,The bright bus brought happy children to the park today.,plain_narrative,short,10-22 words; simple syntax,en,qwen/qwen3-4b-2507,v9-gemma-local-strict-json,1,10
425,charmed,"[""joy""]","[""negative"", ""positive""]",joy,Her sweet smile charmed everyone in the room instantly.,plain_narrative,short,10-22 words; simple syntax,en,qwen/qwen3-4b-2507,v9-gemma-local-strict-json,1,9
426,cheering,"[""joy""]","[""positive""]",joy,The crowd was cheering loudly for the winning team today.,plain_narrative,short,10-22 words; simple syntax,en,qwen/qwen3-4b-2507,v9-gemma-local-strict-json,1,10
427,childhood,"[""joy""]","[""positive""]",joy,I remember the pure joy of my childhood summer days.,plain_narrative,short,10-22 words; simple syntax,en,qwen/qwen3-4b-2507,v9-gemma-local-strict-json,1,10
428,chirp,"[""joy""]","[""positive""]",joy,The little bird gave a sweet chirp of happiness today.,plain_narrative,short,10-22 words; simple syntax,en,qwen/qwen3-4b-2507,v9-gemma-local-strict-json,1,10
429,choral,"[""joy""]","[""positive""]",joy,The group sang a beautiful choral piece full of delight.,plain_narrative,short,10-22 words; simple syntax,en,qwen/qwen3-4b-2507,v9-gemma-local-strict-json,1,10
430,classics,"[""joy""]","[""positive""]",joy,These old classics bring such wonderful happiness to everyone today.,plain_narrative,short,10-22 words; simple syntax,en,qwen/qwen3-4b-2507,v9-gemma-local-strict-json,1,10
431,create,"[""joy""]","[""positive""]",joy,We love to create beautiful things that bring pure delight.,plain_narrative,short,10-22 words; simple syntax,en,qwen/qwen3-4b-2507,v9-gemma-local-strict-json,1,10
432,daughter,"[""joy""]","[""positive""]",joy,My happy daughter laughed loudly at the bright sunshine today.,plain_narrative,short,10-22 words; simple syntax,en,qwen/qwen3-4b-2507,v9-gemma-local-strict-json,1,10
433,delicious,"[""joy""]","[""positive""]",joy,This sweet fruit tastes so delicious and makes everyone smile.,plain_narrative,short,10-22 words; simple syntax,en,qwen/qwen3-4b-2507,v9-gemma-local-strict-json,1,10
434,diamond,"[""joy""]","[""positive""]",joy,The bright diamond sparkled beautifully under the sunlight today.,plain_narrative,short,10-22 words; simple syntax,en,qwen/qwen3-4b-2507,v9-gemma-local-strict-json,1,9
435,ditty,"[""joy""]","[""positive""]",joy,She sang a sweet little ditty that filled the whole room with happiness.,plain_narrative,short,10-22 words; simple syntax,en,qwen/qwen3-4b-2507,v9-gemma-local-strict-json,1,13
436,doll,"[""joy""]",[],joy,The tiny doll brought great happiness to the child today.,plain_narrative,short,10-22 words; simple syntax,en,qwen/qwen3-4b-2507,v9-gemma-local-strict-json,1,10
437,elated,"[""joy""]","[""positive""]",joy,She felt truly elated after winning the big competition.,plain_narrative,short,10-22 words; simple syntax,en,qwen/qwen3-4b-2507,v9-gemma-local-strict-json,1,9
438,elegant,"[""joy""]","[""positive""]",joy,The elegant dress made her smile brightly at the party entrance.,plain_narrative,short,10-22 words; simple syntax,en,qwen/qwen3-4b-2507,v9-gemma-local-strict-json,1,11
439,entertain,"[""joy""]","[""positive""]",joy,The music began to entertain everyone with its cheerful rhythm.,plain_narrative,short,10-22 words; simple syntax,en,qwen/qwen3-4b-2507,v9-gemma-local-strict-json,1,10
440,exquisite,"[""joy""]","[""positive""]",joy,The colorful flower was truly exquisite to behold now.,plain_narrative,short,10-22 words; simple syntax,en,qwen/qwen3-4b-2507,v9-gemma-local-strict-json,1,9
441,festive,"[""joy""]","[""positive""]",joy,The party felt very festive with bright decorations everywhere.,plain_narrative,short,10-22 words; simple syntax,en,qwen/qwen3-4b-2507,v9-gemma-local-strict-json,1,9
442,flattering,"[""joy""]","[""positive""]",joy,The bright colors were very flattering on her face today.,plain_narrative,short,10-22 words; simple syntax,en,qwen/qwen3-4b-2507,v9-gemma-local-strict-json,1,10
443,frolic,"[""joy""]","[""positive""]",joy,The children began to frolic happily in the green grass.,plain_narrative,short,10-22 words; simple syntax,en,qwen/qwen3-4b-2507,v9-gemma-local-strict-json,1,10
444,fulfill,"[""joy""]","[""positive""]",joy,She felt great when she could fulfill her dream project now.,plain_narrative,short,10-22 words; simple syntax,en,qwen/qwen3-4b-2507,v9-gemma-local-strict-json,1,11
445,garden,"[""joy""]","[""positive""]",joy,The bright flowers in the garden brought such pure happiness.,plain_narrative,short,10-22 words; simple syntax,en,qwen/qwen3-4b-2507,v9-gemma-local-strict-json,1,10
446,genial,"[""joy""]","[""positive""]",joy,His genial smile brightened the whole room with happiness.,plain_narrative,short,10-22 words; simple syntax,en,qwen/qwen3-4b-2507,v9-gemma-local-strict-json,1,9
447,giggle,"[""joy""]","[""positive""]",joy,She let out a sweet giggle while watching the funny puppy.,plain_narrative,short,10-22 words; simple syntax,en,qwen/qwen3-4b-2507,v9-gemma-local-strict-json,1,11
448,glee,"[""joy""]","[""positive""]",joy,The child showed great glee when receiving the bright new toy today.,plain_narrative,short,10-22 words; simple syntax,en,qwen/qwen3-4b-2507,v9-gemma-local-strict-json,1,12
449,gorgeous,"[""joy""]","[""positive""]",joy,That sunset was truly gorgeous painting the sky with vibrant colors now.,plain_narrative,short,10-22 words; simple syntax,en,qwen/qwen3-4b-2507,v9-gemma-local-strict-json,1,12
450,gratitude,"[""joy""]","[""positive""]",joy,She showed deep gratitude when the gift arrived today.,plain_narrative,short,10-22 words; simple syntax,en,qwen/qwen3-4b-2507,v9-gemma-local-strict-json,1,9
451,happily,"[""joy""]","[""positive""]",joy,The child danced happily across the bright green field.,plain_narrative,short,10-22 words; simple syntax,en,qwen/qwen3-4b-2507,v9-gemma-local-strict-json,1,9
452,healthful,"[""joy""]","[""positive""]",joy,The fresh fruit tasted so healthful and made me very happy today.,plain_narrative,short,10-22 words; simple syntax,en,qwen/qwen3-4b-2507,v9-gemma-local-strict-json,1,12
453,heartily,"[""joy""]","[""positive""]",joy,She cheered heartily for her friend's wonderful achievement with great delight.,plain_narrative,short,10-22 words; simple syntax,en,qwen/qwen3-4b-2507,v9-gemma-local-strict-json,1,11
454,hobby,"[""joy""]","[""positive""]",joy,She found great happiness practicing her new hobby every afternoon now.,plain_narrative,short,10-22 words; simple syntax,en,qwen/qwen3-4b-2507,v9-gemma-local-strict-json,1,11
455,humorous,"[""joy""]","[""positive""]",joy,The funny story made everyone smile with pure delight and joy.,plain_narrative,short,10-22 words; simple syntax,en,qwen/qwen3-4b-2507,v9-gemma-local-strict-json,1,11
456,hurrah,"[""joy""]","[""positive""]",joy,We shouted hurrah when the team won the big game today.,plain_narrative,short,10-22 words; simple syntax,en,qwen/qwen3-4b-2507,v9-gemma-local-strict-json,1,11
457,jovial,"[""joy""]","[""positive""]",joy,The jovial music filled the entire party with happy sounds.,plain_narrative,short,10-22 words; simple syntax,en,qwen/qwen3-4b-2507,v9-gemma-local-strict-json,1,10
458,joyous,"[""joy""]","[""positive""]",joy,The bright sunshine made the whole day feel truly joyous and wonderful.,plain_narrative,short,10-22 words; simple syntax,en,qwen/qwen3-4b-2507,v9-gemma-local-strict-json,1,12
459,jump,"[""joy""]","[""positive""]",joy,She wanted to jump high in the air with pure joyous excitement.,plain_narrative,short,10-22 words; simple syntax,en,qwen/qwen3-4b-2507,v9-gemma-local-strict-json,1,12
460,kudos,"[""joy""]","[""positive""]",joy,receiving kudos brought such great happiness to the team today.,plain_narrative,short,10-22 words; simple syntax,en,qwen/qwen3-4b-2507,v9-gemma-local-strict-json,1,10
461,laughing,"[""joy""]","[""positive""]",joy,the sound of laughing filled the room with pure delight.,plain_narrative,short,10-22 words; simple syntax,en,qwen/qwen3-4b-2507,v9-gemma-local-strict-json,1,10
462,laurels,"[""joy""]","[""positive""]",joy,She proudly displayed the golden laurels after winning the competition today.,plain_narrative,short,10-22 words; simple syntax,en,qwen/qwen3-4b-2507,v9-gemma-local-strict-json,1,11
463,love,"[""joy""]","[""positive""]",joy,The sweet feeling of love filled her heart during the sunny afternoon.,plain_narrative,short,10-22 words; simple syntax,en,qwen/qwen3-4b-2507,v9-gemma-local-strict-json,1,12
464,luster,"[""joy""]","[""positive""]",joy,The polished gem showed a bright luster under the light today.,plain_narrative,short,10-22 words; simple syntax,en,qwen/qwen3-4b-2507,v9-gemma-local-strict-json,1,11
465,luxurious,"[""joy""]","[""positive""]",joy,We enjoyed the luxurious silk fabric draped over the chair.,plain_narrative,short,10-22 words; simple syntax,en,qwen/qwen3-4b-2507,v9-gemma-local-strict-json,1,10
466,luxury,"[""joy""]","[""positive""]",joy,The silk fabric felt like pure luxury on my skin today.,plain_narrative,short,10-22 words; simple syntax,en,qwen/qwen3-4b-2507,v9-gemma-local-strict-json,1,11
467,lyre,"[""joy""]","[""positive""]",joy,Playing the beautiful lyre brought such pure joy to the room.,plain_narrative,short,10-22 words; simple syntax,en,qwen/qwen3-4b-2507,v9-gemma-local-strict-json,1,11
468,lyrical,"[""joy""]","[""positive""]",joy,The sweet song had a truly lyrical melody today now.,plain_narrative,short,10-22 words; simple syntax,en,qwen/qwen3-4b-2507,v9-gemma-local-strict-json,1,10
469,marvelous,"[""joy""]","[""positive""]",joy,This bright sunshine feels absolutely marvelous on my face.,plain_narrative,short,10-22 words; simple syntax,en,qwen/qwen3-4b-2507,v9-gemma-local-strict-json,1,9
470,massage,"[""joy""]","[""positive""]",joy,The gentle massage brought such wonderful happiness to my muscles today.,plain_narrative,short,10-22 words; simple syntax,en,qwen/qwen3-4b-2507,v9-gemma-local-strict-json,1,11
471,merry,"[""joy""]","[""positive""]",joy,We shared a merry moment while laughing at the silly game.,plain_narrative,short,10-22 words; simple syntax,en,qwen/qwen3-4b-2507,v9-gemma-local-strict-json,1,11
472,mirth,"[""joy""]","[""positive""]",joy,The bright laughter brought great mirth to the whole group today.,plain_narrative,short,10-22 words; simple syntax,en,qwen/qwen3-4b-2507,v9-gemma-local-strict-json,1,11
473,obtainable,"[""joy""]","[""positive""]",joy,This wonderful gift is now obtainable for everyone to enjoy.,plain_narrative,short,10-22 words; simple syntax,en,qwen/qwen3-4b-2507,v9-gemma-local-strict-json,1,10
474,opportune,"[""joy""]","[""positive""]",joy,The opportune moment arrived for the grand celebration today now.,plain_narrative,short,10-22 words; simple syntax,en,qwen/qwen3-4b-2507,v9-gemma-local-strict-json,1,10
475,overjoyed,"[""joy""]","[""positive""]",joy,She was overjoyed when the surprise gift finally appeared this morning.,plain_narrative,short,10-22 words; simple syntax,en,qwen/qwen3-4b-2507,v9-gemma-local-strict-json,1,11
476,pastry,"[""joy""]","[""positive""]",joy,The sweet pastry brought a huge smile to my face today.,plain_narrative,short,10-22 words; simple syntax,en,qwen/qwen3-4b-2507,v9-gemma-local-strict-json,1,11
477,playhouse,"[""joy""]","[""positive""]",joy,We built a wonderful new playhouse for the children to explore.,plain_narrative,short,10-22 words; simple syntax,en,qwen/qwen3-4b-2507,v9-gemma-local-strict-json,1,11
478,pleased,"[""joy""]","[""positive""]",joy,She looked very pleased when she received the wonderful gift today.,plain_narrative,short,10-22 words; simple syntax,en,qwen/qwen3-4b-2507,v9-gemma-local-strict-json,1,11
479,praised,"[""joy""]","[""positive""]",joy,The team was greatly praised for their amazing performance during the game.,plain_narrative,short,10-22 words; simple syntax,en,qwen/qwen3-4b-2507,v9-gemma-local-strict-json,1,12
480,pride,"[""joy""]","[""positive""]",joy,She felt great pride watching her garden bloom brightly today.,plain_narrative,short,10-22 words; simple syntax,en,qwen/qwen3-4b-2507,v9-gemma-local-strict-json,1,10
481,prosperous,"[""joy""]","[""positive""]",joy,The family enjoyed their prosperous harvest after the long season.,plain_narrative,short,10-22 words; simple syntax,en,qwen/qwen3-4b-2507,v9-gemma-local-strict-json,1,10
482,radiant,"[""joy""]","[""positive""]",joy,The sun made the morning light look truly radiant today.,plain_narrative,short,10-22 words; simple syntax,en,qwen/qwen3-4b-2507,v9-gemma-local-strict-json,1,10
483,revel,"[""joy""]","[""positive""]",joy,We began to revel in the beautiful summer celebration now.,plain_narrative,short,10-22 words; simple syntax,en,qwen/qwen3-4b-2507,v9-gemma-local-strict-json,1,10
484,revels,"[""joy""]","[""positive""]",joy,The bright colors revels in the sunshine today. A happy celebration revels in the crowd's cheers.,plain_narrative,short,10-22 words; simple syntax,en,qwen/qwen3-4b-2507,v9-gemma-local-strict-json,1,16
485,reverend,"[""joy""]","[""positive""]",joy,The reverend spoke words that brought great joy to everyone. A joyful spirit is the reverend's gift.,plain_narrative,short,10-22 words; simple syntax,en,qwen/qwen3-4b-2507,v9-gemma-local-strict-json,1,17
486,rollicking,"[""joy""]","[""positive""]",joy,The children had a rollicking game in the sunny garden today.,plain_narrative,short,10-22 words; simple syntax,en,qwen/qwen3-4b-2507,v9-gemma-local-strict-json,1,11
487,romp,"[""joy""]","[""positive""]",joy,We watched the puppy romp happily across the green field.,plain_narrative,short,10-22 words; simple syntax,en,qwen/qwen3-4b-2507,v9-gemma-local-strict-json,1,10
488,salute,"[""joy""]","[""positive""]",joy,She gave a bright salute to the cheering crowd today.,plain_narrative,short,10-22 words; simple syntax,en,qwen/qwen3-4b-2507,v9-gemma-local-strict-json,1,10
489,satisfied,"[""joy""]","[""positive""]",joy,He felt completely satisfied after finishing the difficult project.,plain_narrative,short,10-22 words; simple syntax,en,qwen/qwen3-4b-2507,v9-gemma-local-strict-json,1,9
490,sensuous,"[""joy""]","[""positive""]",joy,The bright fabric felt very sensuous against my skin today.,plain_narrative,short,10-22 words; simple syntax,en,qwen/qwen3-4b-2507,v9-gemma-local-strict-json,1,10
491,silly,"[""joy""]","[""negative""]",joy,That funny dance was so silly and brought great happiness.,plain_narrative,short,10-22 words; simple syntax,en,qwen/qwen3-4b-2507,v9-gemma-local-strict-json,1,10
492,smiling,"[""joy""]","[""positive""]",joy,The child's bright smiling face lit up the whole room today.,plain_narrative,short,10-22 words; simple syntax,en,qwen/qwen3-4b-2507,v9-gemma-local-strict-json,1,11
493,sonorous,"[""joy""]","[""positive""]",joy,The deep sonorous sound of the bell filled the quiet hall beautifully.,plain_narrative,short,10-22 words; simple syntax,en,qwen/qwen3-4b-2507,v9-gemma-local-strict-json,1,12
494,special,"[""joy""]","[""positive""]",joy,This day feels truly special because of the bright light outside now.,plain_narrative,short,10-22 words; simple syntax,en,qwen/qwen3-4b-2507,v9-gemma-local-strict-json,1,12
495,sunshine,"[""joy""]","[""positive""]",joy,The warm sunshine makes everyone smile with great happiness today.,plain_narrative,short,10-22 words; simple syntax,en,qwen/qwen3-4b-2507,v9-gemma-local-strict-json,1,10
496,thankful,"[""joy""]","[""positive""]",joy,She felt thankful for the beautiful gift she received today.,plain_narrative,short,10-22 words; simple syntax,en,qwen/qwen3-4b-2507,v9-gemma-local-strict-json,1,10
497,tinsel,"[""joy""]","[""positive""]",joy,The bright tinsel decorated the entire Christmas tree wonderfully.,plain_narrative,short,10-22 words; simple syntax,en,qwen/qwen3-4b-2507,v9-gemma-local-strict-json,1,9
498,toast,"[""joy""]","[""positive""]",joy,The warm toast smelled wonderful for breakfast this morning.,plain_narrative,short,10-22 words; simple syntax,en,qwen/qwen3-4b-2507,v9-gemma-local-strict-json,1,9
499,tranquil,"[""joy""]","[""positive""]",joy,The calm water offered a truly tranquil view of the garden.,plain_narrative,short,10-22 words; simple syntax,en,qwen/qwen3-4b-2507,v9-gemma-local-strict-json,1,11
500,abortive,"[""sadness""]","[""negative""]",sadness,"The attempt proved abortive, leaving him feeling deeply down now.",plain_narrative,short,10-22 words; simple syntax,en,qwen/qwen3-4b-2507,v9-gemma-local-strict-json,1,10
501,abscess,"[""sadness""]","[""negative""]",sadness,"A painful abscess formed, causing him considerable distress and sorrow.",plain_narrative,short,10-22 words; simple syntax,en,qwen/qwen3-4b-2507,v9-gemma-local-strict-json,1,10
502,absent,"[""sadness""]","[""negative""]",sadness,He felt very absent during the family gathering today.,plain_narrative,short,10-22 words; simple syntax,en,qwen/qwen3-4b-2507,v9-gemma-local-strict-json,1,9
503,absentee,"[""sadness""]","[""negative""]",sadness,The absentee landlord caused many tenants great sorrow.,plain_narrative,short,10-22 words; simple syntax,en,qwen/qwen3-4b-2507,v9-gemma-local-strict-json,1,8
504,abysmal,"[""sadness""]","[""negative""]",sadness,The situation felt abysmal after the long difficult day ended.,plain_narrative,short,10-22 words; simple syntax,en,qwen/qwen3-4b-2507,v9-gemma-local-strict-json,1,10
505,ache,"[""sadness""]","[""negative""]",sadness,A dull ache persisted in my chest throughout the entire evening.,plain_narrative,short,10-22 words; simple syntax,en,qwen/qwen3-4b-2507,v9-gemma-local-strict-json,1,11
506,aching,"[""sadness""]","[""negative""]",sadness,The constant ache made her body feel heavy and low today.,plain_narrative,short,10-22 words; simple syntax,en,qwen/qwen3-4b-2507,v9-gemma-local-strict-json,1,11
507,alienated,"[""sadness""]","[""negative""]",sadness,He felt deeply alienated from everyone around him in the quiet room.,plain_narrative,short,10-22 words; simple syntax,en,qwen/qwen3-4b-2507,v9-gemma-local-strict-json,1,12
508,anchorage,"[""sadness""]","[""positive""]",sadness,The small boat found temporary anchorage near the shore today.,plain_narrative,short,10-22 words; simple syntax,en,qwen/qwen3-4b-2507,v9-gemma-local-strict-json,1,10
509,apathetic,"[""sadness""]","[""negative""]",sadness,His response showed a complete and deep apathetic lack of concern.,plain_narrative,short,10-22 words; simple syntax,en,qwen/qwen3-4b-2507,v9-gemma-local-strict-json,1,11
510,apathy,"[""sadness""]","[""negative""]",sadness,His constant apathy made the room feel very cold and empty today.,plain_narrative,short,10-22 words; simple syntax,en,qwen/qwen3-4b-2507,v9-gemma-local-strict-json,1,12
511,arid,"[""sadness""]","[""negative""]",sadness,The arid landscape showed no sign of life or any comfort whatsoever.,plain_narrative,short,10-22 words; simple syntax,en,qwen/qwen3-4b-2507,v9-gemma-local-strict-json,1,12
512,ashes,"[""sadness""]","[""negative""]",sadness,The cold ashes settled slowly onto the dusty floorboards now.,plain_narrative,short,10-22 words; simple syntax,en,qwen/qwen3-4b-2507,v9-gemma-local-strict-json,1,10
513,backwater,"[""sadness""]","[""negative""]",sadness,We found the boat stuck in the muddy backwater completely still.,plain_narrative,short,10-22 words; simple syntax,en,qwen/qwen3-4b-2507,v9-gemma-local-strict-json,1,11
514,badly,"[""sadness""]","[""negative""]",sadness,the news was badly delivered to the worried person today,plain_narrative,short,10-22 words; simple syntax,en,qwen/qwen3-4b-2507,v9-gemma-local-strict-json,1,10
515,barren,"[""sadness""]","[""negative""]",sadness,the field looked barren after the long drought season ended,plain_narrative,short,10-22 words; simple syntax,en,qwen/qwen3-4b-2507,v9-gemma-local-strict-json,1,10
516,beggar,"[""sadness""]","[""negative""]",sadness,The old beggar stood by the door asking for scraps of food. A cold wind blew across the pavement near him.,plain_narrative,short,10-22 words; simple syntax,en,qwen/qwen3-4b-2507,v9-gemma-local-strict-json,1,21
517,bereaved,"[""sadness""]","[""negative""]",sadness,She felt deeply bereaved after the sudden loss of her dear friend. The silence in the house was heavy with sorrow.,plain_narrative,short,10-22 words; simple syntax,en,qwen/qwen3-4b-2507,v9-gemma-local-strict-json,1,21
518,bleak,"[""sadness""]","[""negative""]",sadness,The landscape looked bleak under the gray sky today.,plain_narrative,short,10-22 words; simple syntax,en,qwen/qwen3-4b-2507,v9-gemma-local-strict-json,1,9
519,blindly,"[""sadness""]","[""negative""]",sadness,She walked blindly through the dark and empty corridor.,plain_narrative,short,10-22 words; simple syntax,en,qwen/qwen3-4b-2507,v9-gemma-local-strict-json,1,9
520,blue,"[""sadness""]",[],sadness,The sky looked deep blue after the heavy rain stopped falling slowly.,plain_narrative,short,10-22 words; simple syntax,en,qwen/qwen3-4b-2507,v9-gemma-local-strict-json,1,12
521,boredom,"[""sadness""]","[""negative""]",sadness,Long stretches of quiet brought a deep sense of boredom to the room.,plain_narrative,short,10-22 words; simple syntax,en,qwen/qwen3-4b-2507,v9-gemma-local-strict-json,1,13
522,bottom,"[""sadness""]","[""negative""]",sadness,He felt heavy at the bottom of the deep pit of despair now.,plain_narrative,short,10-22 words; simple syntax,en,qwen/qwen3-4b-2507,v9-gemma-local-strict-json,1,13
523,breakup,"[""sadness""]","[""negative""]",sadness,The sudden breakup left her feeling completely alone and low.,plain_narrative,short,10-22 words; simple syntax,en,qwen/qwen3-4b-2507,v9-gemma-local-strict-json,1,10
524,bury,"[""sadness""]",[],sadness,She decided to bury the old letter deep in the garden soil.,plain_narrative,short,10-22 words; simple syntax,en,qwen/qwen3-4b-2507,v9-gemma-local-strict-json,1,12
525,cage,"[""sadness""]","[""negative""]",sadness,The bird remained trapped inside the small metal cage for days.,plain_narrative,short,10-22 words; simple syntax,en,qwen/qwen3-4b-2507,v9-gemma-local-strict-json,1,11
526,cancel,"[""sadness""]","[""negative""]",sadness,She had to cancel the important meeting unexpectedly today.,plain_narrative,short,10-22 words; simple syntax,en,qwen/qwen3-4b-2507,v9-gemma-local-strict-json,1,9
527,chronic,"[""sadness""]","[""negative""]",sadness,The chronic pain made her movements very slow and difficult.,plain_narrative,short,10-22 words; simple syntax,en,qwen/qwen3-4b-2507,v9-gemma-local-strict-json,1,10
528,clouded,"[""sadness""]","[""negative""]",sadness,The dark sky was clouded over the entire valley today.,plain_narrative,short,10-22 words; simple syntax,en,qwen/qwen3-4b-2507,v9-gemma-local-strict-json,1,10
529,cloudy,"[""sadness""]",[],sadness,A cloudy morning brought a heavy feeling of sorrow.,plain_narrative,short,10-22 words; simple syntax,en,qwen/qwen3-4b-2507,v9-gemma-local-strict-json,1,9
530,cocaine,"[""sadness""]","[""negative""]",sadness,The drug made him feel deeply sorrowful after the use.,plain_narrative,short,10-22 words; simple syntax,en,qwen/qwen3-4b-2507,v9-gemma-local-strict-json,1,10
531,committal,"[""sadness""]","[""negative""]",sadness,The final committal brought a wave of quiet unhappiness.,plain_narrative,short,10-22 words; simple syntax,en,qwen/qwen3-4b-2507,v9-gemma-local-strict-json,1,9
532,conceal,"[""sadness""]","[""negative""]",sadness,She tried to conceal her tears behind a weak smile today.,plain_narrative,short,10-22 words; simple syntax,en,qwen/qwen3-4b-2507,v9-gemma-local-strict-json,1,11
533,console,"[""sadness""]","[""positive""]",sadness,He offered no words to console the person in distress.,plain_narrative,short,10-22 words; simple syntax,en,qwen/qwen3-4b-2507,v9-gemma-local-strict-json,1,10
534,corse,"[""sadness""]",[],sadness,The long journey felt like a terrible corse today.,plain_narrative,short,10-22 words; simple syntax,en,qwen/qwen3-4b-2507,v9-gemma-local-strict-json,1,9
535,couch,"[""sadness""]",[],sadness,I sat alone on the old couch feeling very sad.,plain_narrative,short,10-22 words; simple syntax,en,qwen/qwen3-4b-2507,v9-gemma-local-strict-json,1,10
536,crippled,"[""sadness""]","[""negative""]",sadness,The old machine was crippled and could not function properly now. A broken limb made movement very difficult for him.,plain_narrative,short,10-22 words; simple syntax,en,qwen/qwen3-4b-2507,v9-gemma-local-strict-json,1,20
537,crumbling,"[""sadness""]","[""negative""]",sadness,The old wall was crumbling down in the heavy rain. The structure showed signs of deep decay.,plain_narrative,short,10-22 words; simple syntax,en,qwen/qwen3-4b-2507,v9-gemma-local-strict-json,1,17
538,crying,"[""sadness""]","[""negative""]",sadness,The sound of crying filled the quiet room deeply now.,plain_narrative,short,10-22 words; simple syntax,en,qwen/qwen3-4b-2507,v9-gemma-local-strict-json,1,10
539,cumbersome,"[""sadness""]","[""negative""]",sadness,Carrying the cumbersome box made the task very difficult today.,plain_narrative,short,10-22 words; simple syntax,en,qwen/qwen3-4b-2507,v9-gemma-local-strict-json,1,10
540,damages,"[""sadness""]","[""negative""]",sadness,The old structure damages the fragile wooden beams severely now.,plain_narrative,short,10-22 words; simple syntax,en,qwen/qwen3-4b-2507,v9-gemma-local-strict-json,1,10
541,dark,"[""sadness""]",[],sadness,A dark cloud covered the entire field during the long afternoon.,plain_narrative,short,10-22 words; simple syntax,en,qwen/qwen3-4b-2507,v9-gemma-local-strict-json,1,11
542,debt,"[""sadness""]","[""negative""]",sadness,The heavy debt caused deep worry in the family finances now.,plain_narrative,short,10-22 words; simple syntax,en,qwen/qwen3-4b-2507,v9-gemma-local-strict-json,1,11
543,deceased,"[""sadness""]","[""negative""]",sadness,The deceased person left behind a profound sense of loss.,plain_narrative,short,10-22 words; simple syntax,en,qwen/qwen3-4b-2507,v9-gemma-local-strict-json,1,10
544,decomposed,"[""sadness""]",[],sadness,The old fruit decomposed quickly in the warm kitchen air now.,plain_narrative,short,10-22 words; simple syntax,en,qwen/qwen3-4b-2507,v9-gemma-local-strict-json,1,11
545,defeated,"[""sadness""]","[""negative""]",sadness,He felt completely defeated after losing the final match today.,plain_narrative,short,10-22 words; simple syntax,en,qwen/qwen3-4b-2507,v9-gemma-local-strict-json,1,10
546,defunct,"[""sadness""]","[""negative""]",sadness,The old machine became defunct and stopped working completely now. A defunct plan caused great disappointment for everyone involved.,plain_narrative,short,10-22 words; simple syntax,en,qwen/qwen3-4b-2507,v9-gemma-local-strict-json,1,19
547,delirious,"[""sadness""]","[""negative""]",sadness,He looked delirious after staying awake for many long hours. The patient seemed truly delirious in the quiet room.,plain_narrative,short,10-22 words; simple syntax,en,qwen/qwen3-4b-2507,v9-gemma-local-strict-json,1,19
548,denied,"[""sadness""]","[""negative""]",sadness,She denied the truth when everyone asked about the missing item.,plain_narrative,short,10-22 words; simple syntax,en,qwen/qwen3-4b-2507,v9-gemma-local-strict-json,1,11
549,departed,"[""sadness""]","[""negative""]",sadness,The old friend finally departed without saying a single goodbye.,plain_narrative,short,10-22 words; simple syntax,en,qwen/qwen3-4b-2507,v9-gemma-local-strict-json,1,10
550,departure,"[""sadness""]","[""negative""]",sadness,The slow departure left him feeling very alone today.,plain_narrative,short,10-22 words; simple syntax,en,qwen/qwen3-4b-2507,v9-gemma-local-strict-json,1,9
551,depressive,"[""sadness""]","[""negative""]",sadness,A depressive mood shadowed her entire quiet afternoon.,plain_narrative,short,10-22 words; simple syntax,en,qwen/qwen3-4b-2507,v9-gemma-local-strict-json,1,8
552,diminish,"[""sadness""]","[""negative""]",sadness,The small light began to diminish slowly in the dark room.,plain_narrative,short,10-22 words; simple syntax,en,qwen/qwen3-4b-2507,v9-gemma-local-strict-json,1,11
553,discomfort,"[""sadness""]","[""negative""]",sadness,A sharp ache caused a deep sense of discomfort in my tired muscles.,plain_narrative,short,10-22 words; simple syntax,en,qwen/qwen3-4b-2507,v9-gemma-local-strict-json,1,13
554,disconnect,"[""sadness""]","[""negative""]",sadness,The broken wire caused a complete disconnect from the signal now.,plain_narrative,short,10-22 words; simple syntax,en,qwen/qwen3-4b-2507,v9-gemma-local-strict-json,1,11
555,dispel,"[""sadness""]","[""negative""]",sadness,The heavy fog could not dispel the feeling of deep sorrow.,plain_narrative,short,10-22 words; simple syntax,en,qwen/qwen3-4b-2507,v9-gemma-local-strict-json,1,11
556,disqualify,"[""sadness""]","[""negative""]",sadness,The judge decided to disqualify the entire team from the competition today.,plain_narrative,short,10-22 words; simple syntax,en,qwen/qwen3-4b-2507,v9-gemma-local-strict-json,1,12
557,distraught,"[""sadness""]","[""negative""]",sadness,She looked distraught after hearing the disappointing news about her plans.,plain_narrative,short,10-22 words; simple syntax,en,qwen/qwen3-4b-2507,v9-gemma-local-strict-json,1,11
558,doldrums,"[""sadness""]","[""negative""]",sadness,The long doldrums made the boat feel very heavy today.,plain_narrative,short,10-22 words; simple syntax,en,qwen/qwen3-4b-2507,v9-gemma-local-strict-json,1,10
559,dole,"[""sadness""]","[""negative""]",sadness,She had to dole out the small portion of food slowly.,plain_narrative,short,10-22 words; simple syntax,en,qwen/qwen3-4b-2507,v9-gemma-local-strict-json,1,11
560,dolor,"[""sadness""]","[""negative""]",sadness,The sharp dolor in her chest made breathing very difficult today.,plain_narrative,short,10-22 words; simple syntax,en,qwen/qwen3-4b-2507,v9-gemma-local-strict-json,1,11
561,drab,"[""sadness""]","[""negative""]",sadness,The drab gray walls showed how lonely the room felt now.,plain_narrative,short,10-22 words; simple syntax,en,qwen/qwen3-4b-2507,v9-gemma-local-strict-json,1,11
562,dreary,"[""sadness""]","[""negative""]",sadness,The dreary rain kept falling all day long outside my window.,plain_narrative,short,10-22 words; simple syntax,en,qwen/qwen3-4b-2507,v9-gemma-local-strict-json,1,11
563,drugged,"[""sadness""]",[],sadness,He felt drugged after drinking too much of the strange liquid.,plain_narrative,short,10-22 words; simple syntax,en,qwen/qwen3-4b-2507,v9-gemma-local-strict-json,1,11
564,dull,"[""sadness""]","[""negative""]",sadness,The gray sky felt dull and heavy over the landscape today.,plain_narrative,short,10-22 words; simple syntax,en,qwen/qwen3-4b-2507,v9-gemma-local-strict-json,1,11
565,embarrass,"[""sadness""]","[""negative""]",sadness,She felt embarrassed when everyone noticed her mistake publicly.,plain_narrative,short,10-22 words; simple syntax,en,qwen/qwen3-4b-2507,v9-gemma-local-strict-json,1,9
566,epitaph,"[""sadness""]",[],sadness,The old stone epitaph marked the grave of a forgotten person now.,plain_narrative,short,10-22 words; simple syntax,en,qwen/qwen3-4b-2507,v9-gemma-local-strict-json,1,12
567,error,"[""sadness""]","[""negative""]",sadness,A small error caused the entire project to fail unexpectedly.,plain_narrative,short,10-22 words; simple syntax,en,qwen/qwen3-4b-2507,v9-gemma-local-strict-json,1,10
568,evict,"[""sadness""]","[""negative""]",sadness,The family had to evict the tenant from their small apartment quickly now.,plain_narrative,short,10-22 words; simple syntax,en,qwen/qwen3-4b-2507,v9-gemma-local-strict-json,1,13
569,excluding,"[""sadness""]","[""negative""]",sadness,She felt excluded when the group was excluding her from the important discussion.,plain_narrative,short,10-22 words; simple syntax,en,qwen/qwen3-4b-2507,v9-gemma-local-strict-json,1,13
570,exhausted,"[""sadness""]","[""negative""]",sadness,The long day left me completely exhausted by the end of work.,plain_narrative,short,10-22 words; simple syntax,en,qwen/qwen3-4b-2507,v9-gemma-local-strict-json,1,12
571,expire,"[""sadness""]","[""negative""]",sadness,The old light began to expire in the dark room slowly.,plain_narrative,short,10-22 words; simple syntax,en,qwen/qwen3-4b-2507,v9-gemma-local-strict-json,1,11
572,extinct,"[""sadness""]","[""negative""]",sadness,The old tree looked extinct after the harsh winter storm passed by.,plain_narrative,short,10-22 words; simple syntax,en,qwen/qwen3-4b-2507,v9-gemma-local-strict-json,1,12
573,faithless,"[""sadness""]","[""negative""]",sadness,His faithless actions caused deep sorrow for everyone watching him.,plain_narrative,short,10-22 words; simple syntax,en,qwen/qwen3-4b-2507,v9-gemma-local-strict-json,1,10
574,fall,"[""sadness""]","[""negative""]",sadness,"The old leaves began to fall onto the cold, wet ground slowly now.",plain_narrative,short,10-22 words; simple syntax,en,qwen/qwen3-4b-2507,v9-gemma-local-strict-json,1,13
575,falling,"[""sadness""]","[""negative""]",sadness,A single tear was falling down her cheek without making a sound.,plain_narrative,short,10-22 words; simple syntax,en,qwen/qwen3-4b-2507,v9-gemma-local-strict-json,1,12
576,famine,"[""sadness""]","[""negative""]",sadness,The long famine made the villagers very hungry and weak today.,plain_narrative,short,10-22 words; simple syntax,en,qwen/qwen3-4b-2507,v9-gemma-local-strict-json,1,11
577,fasting,"[""sadness""]","[""negative""]",sadness,She endured the difficult fasting for many days without food.,plain_narrative,short,10-22 words; simple syntax,en,qwen/qwen3-4b-2507,v9-gemma-local-strict-json,1,10
578,fatigued,"[""sadness""]","[""negative""]",sadness,The tired person felt deeply fatigued after the long journey home.,plain_narrative,short,10-22 words; simple syntax,en,qwen/qwen3-4b-2507,v9-gemma-local-strict-json,1,11
579,fault,"[""sadness""]","[""negative""]",sadness,She carried the heavy fault of making a serious mistake yesterday.,plain_narrative,short,10-22 words; simple syntax,en,qwen/qwen3-4b-2507,v9-gemma-local-strict-json,1,11
580,feeble,"[""sadness""]","[""negative""]",sadness,His feeble attempt at lifting the box resulted in a deep disappointment.,plain_narrative,short,10-22 words; simple syntax,en,qwen/qwen3-4b-2507,v9-gemma-local-strict-json,1,12
581,fell,"[""sadness""]","[""negative""]",sadness,The old wooden chair slowly fell onto the hard floor with a dull thud.,plain_narrative,short,10-22 words; simple syntax,en,qwen/qwen3-4b-2507,v9-gemma-local-strict-json,1,14
582,flaccid,"[""sadness""]","[""negative""]",sadness,The old fabric felt flaccid after years of neglect and wear.,plain_narrative,short,10-22 words; simple syntax,en,qwen/qwen3-4b-2507,v9-gemma-local-strict-json,1,11
583,flaw,"[""sadness""]","[""negative""]",sadness,A small flaw in the design caused a noticeable disappointment.,plain_narrative,short,10-22 words; simple syntax,en,qwen/qwen3-4b-2507,v9-gemma-local-strict-json,1,10
584,forbid,"[""sadness""]","[""negative""]",sadness,She could not forbid the tears from falling down now.,plain_narrative,short,10-22 words; simple syntax,en,qwen/qwen3-4b-2507,v9-gemma-local-strict-json,1,10
585,forlorn,"[""sadness""]","[""negative""]",sadness,The lonely child felt truly forlorn by the empty room.,plain_narrative,short,10-22 words; simple syntax,en,qwen/qwen3-4b-2507,v9-gemma-local-strict-json,1,10
586,forsake,"[""sadness""]","[""negative""]",sadness,She had to forsake her old belongings in the dusty attic today.,plain_narrative,short,10-22 words; simple syntax,en,qwen/qwen3-4b-2507,v9-gemma-local-strict-json,1,12
587,frailty,"[""sadness""]","[""negative""]",sadness,The old structure showed great frailty after the heavy storm passed.,plain_narrative,short,10-22 words; simple syntax,en,qwen/qwen3-4b-2507,v9-gemma-local-strict-json,1,11
588,frayed,"[""sadness""]","[""negative""]",sadness,The old cloth was frayed and torn from years of use now.,plain_narrative,short,10-22 words; simple syntax,en,qwen/qwen3-4b-2507,v9-gemma-local-strict-json,1,12
589,frown,"[""sadness""]","[""negative""]",sadness,She wore a deep frown because she could not find the keys.,plain_narrative,short,10-22 words; simple syntax,en,qwen/qwen3-4b-2507,v9-gemma-local-strict-json,1,12
590,fruitless,"[""sadness""]","[""negative""]",sadness,The effort proved entirely fruitless after many long attempts failed.,plain_narrative,short,10-22 words; simple syntax,en,qwen/qwen3-4b-2507,v9-gemma-local-strict-json,1,10
591,funeral,"[""sadness""]",[],sadness,We attended the quiet funeral for a dear friend yesterday.,plain_narrative,short,10-22 words; simple syntax,en,qwen/qwen3-4b-2507,v9-gemma-local-strict-json,1,10
592,funk,"[""sadness""]","[""negative""]",sadness,"The old music made a strange, heavy funk fill the room now.",plain_narrative,short,10-22 words; simple syntax,en,qwen/qwen3-4b-2507,v9-gemma-local-strict-json,1,12
593,furrow,"[""sadness""]",[],sadness,A deep furrow appeared on his brow from the worry.,plain_narrative,short,10-22 words; simple syntax,en,qwen/qwen3-4b-2507,v9-gemma-local-strict-json,1,10
594,futile,"[""sadness""]","[""negative""]",sadness,The effort felt futile against the strong current pushing back.,plain_narrative,short,10-22 words; simple syntax,en,qwen/qwen3-4b-2507,v9-gemma-local-strict-json,1,10
595,geriatric,"[""sadness""]","[""negative""]",sadness,The old person showed signs of geriatric weariness and deep sorrow.,plain_narrative,short,10-22 words; simple syntax,en,qwen/qwen3-4b-2507,v9-gemma-local-strict-json,1,11
596,gloom,"[""sadness""]","[""negative""]",sadness,A deep gloom settled over the empty room this morning.,plain_narrative,short,10-22 words; simple syntax,en,qwen/qwen3-4b-2507,v9-gemma-local-strict-json,1,10
597,gloomy,"[""sadness""]","[""negative""]",sadness,"The gloomy weather matched my heavy, sinking mood today.",plain_narrative,short,10-22 words; simple syntax,en,qwen/qwen3-4b-2507,v9-gemma-local-strict-json,1,9
598,glum,"[""sadness""]","[""negative""]",sadness,The glum clouds covered the entire gray sky today.,plain_narrative,short,10-22 words; simple syntax,en,qwen/qwen3-4b-2507,v9-gemma-local-strict-json,1,9
599,grief,"[""sadness""]","[""negative""]",sadness,Deep grief settled heavily upon the quiet room now.,plain_narrative,short,10-22 words; simple syntax,en,qwen/qwen3-4b-2507,v9-gemma-local-strict-json,1,9
600,abrupt,"[""surprise""]",[],surprise,The sudden stop was abrupt and caused everyone to jump in shock.,plain_narrative,short,10-22 words; simple syntax,en,qwen/qwen3-4b-2507,v9-gemma-local-strict-json,1,12
601,amaze,"[""surprise""]",[],surprise,That incredible view will truly amaze the entire group watching it.,plain_narrative,short,10-22 words; simple syntax,en,qwen/qwen3-4b-2507,v9-gemma-local-strict-json,1,11
602,bizarre,"[""surprise""]","[""negative""]",surprise,The strange sight was truly bizarre and unexpected today.,plain_narrative,short,10-22 words; simple syntax,en,qwen/qwen3-4b-2507,v9-gemma-local-strict-json,1,9
603,blitz,"[""surprise""]",[],surprise,A sudden blitz of light shocked everyone with its intensity.,plain_narrative,short,10-22 words; simple syntax,en,qwen/qwen3-4b-2507,v9-gemma-local-strict-json,1,10
604,break,"[""surprise""]",[],surprise,The glass began to break with a sudden loud sound now.,plain_narrative,short,10-22 words; simple syntax,en,qwen/qwen3-4b-2507,v9-gemma-local-strict-json,1,11
605,burlesque,"[""surprise""]",[],surprise,The costume for the burlesque show was completely unexpected.,plain_narrative,short,10-22 words; simple syntax,en,qwen/qwen3-4b-2507,v9-gemma-local-strict-json,1,9
606,cable,"[""surprise""]",[],surprise,The sudden snap of the old cable caused a loud startling sound.,plain_narrative,short,10-22 words; simple syntax,en,qwen/qwen3-4b-2507,v9-gemma-local-strict-json,1,12
607,camouflage,"[""surprise""]",[],surprise,The unexpected camouflage made the object appear completely different.,plain_narrative,short,10-22 words; simple syntax,en,qwen/qwen3-4b-2507,v9-gemma-local-strict-json,1,9
608,catch,"[""surprise""]",[],surprise,I unexpectedly caught the ball right before it dropped down.,plain_narrative,short,10-22 words; simple syntax,en,qwen/qwen3-4b-2507,v9-gemma-local-strict-json,1,10
609,decoy,"[""surprise""]",[],surprise,The fake object served as a complete decoy for the real target.,plain_narrative,short,10-22 words; simple syntax,en,qwen/qwen3-4b-2507,v9-gemma-local-strict-json,1,12
610,divergent,"[""surprise""]","[""negative""]",surprise,The light showed a divergent path across the strange landscape now.,plain_narrative,short,10-22 words; simple syntax,en,qwen/qwen3-4b-2507,v9-gemma-local-strict-json,1,11
611,dynamic,"[""surprise""]",[],surprise,The sudden change made the situation very dynamic and unexpected.,plain_narrative,short,10-22 words; simple syntax,en,qwen/qwen3-4b-2507,v9-gemma-local-strict-json,1,10
612,elusive,"[""surprise""]","[""negative""]",surprise,The elusive shadow suddenly appeared right in front of me.,plain_narrative,short,10-22 words; simple syntax,en,qwen/qwen3-4b-2507,v9-gemma-local-strict-json,1,10
613,erratic,"[""surprise""]","[""negative""]",surprise,The erratic machine started working unexpectedly and loudly now.,plain_narrative,short,10-22 words; simple syntax,en,qwen/qwen3-4b-2507,v9-gemma-local-strict-json,1,9
614,exclaim,"[""surprise""]",[],surprise,she could not exclaim when the giant dropped the huge box.,plain_narrative,short,10-22 words; simple syntax,en,qwen/qwen3-4b-2507,v9-gemma-local-strict-json,1,11
615,fluke,"[""surprise""]",[],surprise,it was a complete fluke that the small animal survived the fall.,plain_narrative,short,10-22 words; simple syntax,en,qwen/qwen3-4b-2507,v9-gemma-local-strict-json,1,12
616,gape,"[""surprise""]",[],surprise,His wide gape showed complete shock at the sudden loud noise. A sudden gape opened when he saw the unexpected sight.,plain_narrative,short,10-22 words; simple syntax,en,qwen/qwen3-4b-2507,v9-gemma-local-strict-json,1,21
617,gasp,"[""surprise""]",[],surprise,She let out a sharp gasp when the unexpected truth was revealed. A quick gasp escaped him upon seeing the result.,plain_narrative,short,10-22 words; simple syntax,en,qwen/qwen3-4b-2507,v9-gemma-local-strict-json,1,21
618,gawk,"[""surprise""]",[],surprise,I could only gawk at the sudden bright light shining everywhere.,plain_narrative,short,10-22 words; simple syntax,en,qwen/qwen3-4b-2507,v9-gemma-local-strict-json,1,11
619,greeting,"[""surprise""]","[""positive""]",surprise,The unexpected greeting made everyone jump in shock.,plain_narrative,short,10-22 words; simple syntax,en,qwen/qwen3-4b-2507,v9-gemma-local-strict-json,1,8
620,guess,"[""surprise""]",[],surprise,I guess the answer is completely wrong now you see it.,plain_narrative,short,10-22 words; simple syntax,en,qwen/qwen3-4b-2507,v9-gemma-local-strict-json,1,11
621,horde,"[""surprise""]","[""negative""]",surprise,A sudden horde of insects appeared right in front of me.,plain_narrative,short,10-22 words; simple syntax,en,qwen/qwen3-4b-2507,v9-gemma-local-strict-json,1,11
622,immediacy,"[""surprise""]",[],surprise,The sudden immediacy of the sound shocked everyone present immediately.,plain_narrative,short,10-22 words; simple syntax,en,qwen/qwen3-4b-2507,v9-gemma-local-strict-json,1,10
623,incident,"[""surprise""]",[],surprise,That strange incident caused a complete shock to the whole group.,plain_narrative,short,10-22 words; simple syntax,en,qwen/qwen3-4b-2507,v9-gemma-local-strict-json,1,11
624,infrequent,"[""surprise""]",[],surprise,an infrequent visitor suddenly appeared right in front of me now.,plain_narrative,short,10-22 words; simple syntax,en,qwen/qwen3-4b-2507,v9-gemma-local-strict-json,1,11
625,jolt,"[""surprise""]",[],surprise,the unexpected movement gave a sharp jolt to my entire body.,plain_narrative,short,10-22 words; simple syntax,en,qwen/qwen3-4b-2507,v9-gemma-local-strict-json,1,11
626,leery,"[""surprise""]",[],surprise,He looked leery at the strange shadow in the corner quickly.,plain_narrative,short,10-22 words; simple syntax,en,qwen/qwen3-4b-2507,v9-gemma-local-strict-json,1,11
627,lunge,"[""surprise""]",[],surprise,The startled animal gave a sudden lunge toward the open gate.,plain_narrative,short,10-22 words; simple syntax,en,qwen/qwen3-4b-2507,v9-gemma-local-strict-json,1,11
628,magician,"[""surprise""]",[],surprise,The magician made the rabbit suddenly appear from thin air.,plain_narrative,short,10-22 words; simple syntax,en,qwen/qwen3-4b-2507,v9-gemma-local-strict-json,1,10
629,marvel,"[""surprise""]","[""positive""]",surprise,I truly marvel at the incredible speed of that small creature.,plain_narrative,short,10-22 words; simple syntax,en,qwen/qwen3-4b-2507,v9-gemma-local-strict-json,1,11
630,mimicry,"[""surprise""]","[""negative""]",surprise,The strange mimicry of the bird shocked everyone watching closely now.,plain_narrative,short,10-22 words; simple syntax,en,qwen/qwen3-4b-2507,v9-gemma-local-strict-json,1,11
631,modify,"[""surprise""]",[],surprise,"He tried to modify his voice, causing a sudden startle in the crowd.",plain_narrative,short,10-22 words; simple syntax,en,qwen/qwen3-4b-2507,v9-gemma-local-strict-json,1,13
632,mouth,"[""surprise""]",[],surprise,The sudden shock made his mouth drop open wide in astonishment.,plain_narrative,short,10-22 words; simple syntax,en,qwen/qwen3-4b-2507,v9-gemma-local-strict-json,1,11
633,mystic,"[""surprise""]",[],surprise,That strange symbol showed a mystic power that caused great shock.,plain_narrative,short,10-22 words; simple syntax,en,qwen/qwen3-4b-2507,v9-gemma-local-strict-json,1,11
634,nullify,"[""surprise""]","[""negative""]",surprise,The sudden shock seemed to nullify all my expectations completely now.,plain_narrative,short,10-22 words; simple syntax,en,qwen/qwen3-4b-2507,v9-gemma-local-strict-json,1,11
635,occasional,"[""surprise""]",[],surprise,An occasional loud noise caused a complete surprise in the quiet room.,plain_narrative,short,10-22 words; simple syntax,en,qwen/qwen3-4b-2507,v9-gemma-local-strict-json,1,12
636,outrageous,"[""surprise""]",[],surprise,The sudden change in the plan was truly outrageous to everyone present.,plain_narrative,short,10-22 words; simple syntax,en,qwen/qwen3-4b-2507,v9-gemma-local-strict-json,1,12
637,palpable,"[""surprise""]",[],surprise,A palpable shock went through the entire room when the news arrived.,plain_narrative,short,10-22 words; simple syntax,en,qwen/qwen3-4b-2507,v9-gemma-local-strict-json,1,12
638,pang,"[""surprise""]","[""negative""]",surprise,A sudden sharp pang shot through my side unexpectedly now.,plain_narrative,short,10-22 words; simple syntax,en,qwen/qwen3-4b-2507,v9-gemma-local-strict-json,1,10
639,peri,"[""surprise""]",[],surprise,The strange feeling started near the peri region suddenly.,plain_narrative,short,10-22 words; simple syntax,en,qwen/qwen3-4b-2507,v9-gemma-local-strict-json,1,9
640,placard,"[""surprise""]",[],surprise,The sudden appearance of the large placard caused a great shock to everyone.,plain_narrative,short,10-22 words; simple syntax,en,qwen/qwen3-4b-2507,v9-gemma-local-strict-json,1,13
641,prank,"[""surprise""]","[""negative""]",surprise,He pulled the prank and everyone reacted with complete astonishment.,plain_narrative,short,10-22 words; simple syntax,en,qwen/qwen3-4b-2507,v9-gemma-local-strict-json,1,10
642,premature,"[""surprise""]",[],surprise,"The fruit ripened too early, which was quite a surprise to everyone.",plain_narrative,short,10-22 words; simple syntax,en,qwen/qwen3-4b-2507,v9-gemma-local-strict-json,1,12
643,randomly,"[""surprise""]",[],surprise,"The ball bounced randomly off the wall, causing a sudden shock.",plain_narrative,short,10-22 words; simple syntax,en,qwen/qwen3-4b-2507,v9-gemma-local-strict-json,1,11
644,rapid,"[""surprise""]",[],surprise,The change happened so rapid it shocked everyone present immediately.,plain_narrative,short,10-22 words; simple syntax,en,qwen/qwen3-4b-2507,v9-gemma-local-strict-json,1,10
645,reappear,"[""surprise""]",[],surprise,The lost object did reappear right in front of my eyes suddenly.,plain_narrative,short,10-22 words; simple syntax,en,qwen/qwen3-4b-2507,v9-gemma-local-strict-json,1,12
646,reflex,"[""surprise""]",[],surprise,The sudden movement caused a sharp reflex reaction in the animal.,plain_narrative,short,10-22 words; simple syntax,en,qwen/qwen3-4b-2507,v9-gemma-local-strict-json,1,11
647,riddle,"[""surprise""]",[],surprise,Solving the difficult riddle brought a complete surprise to the group.,plain_narrative,short,10-22 words; simple syntax,en,qwen/qwen3-4b-2507,v9-gemma-local-strict-json,1,11
648,sally,"[""surprise""]",[],surprise,Sally dropped the plate with a loud clatter onto the floor.,plain_narrative,short,10-22 words; simple syntax,en,qwen/qwen3-4b-2507,v9-gemma-local-strict-json,1,11
649,scrimmage,"[""surprise""]","[""negative""]",surprise,The sudden whistle started the intense scrimmage unexpectedly.,plain_narrative,short,10-22 words; simple syntax,en,qwen/qwen3-4b-2507,v9-gemma-local-strict-json,1,8
650,shockingly,"[""surprise""]",[],surprise,the news was shockingly unexpected and caused a gasp.,plain_narrative,short,10-22 words; simple syntax,en,qwen/qwen3-4b-2507,v9-gemma-local-strict-json,1,9
651,singularly,"[""surprise""]",[],surprise,she looked singularly stunned by the sudden event.,plain_narrative,short,10-22 words; simple syntax,en,qwen/qwen3-4b-2507,v9-gemma-local-strict-json,1,8
652,slip,"[""surprise""]","[""negative""]",surprise,My foot began to slip on the wet floor unexpectedly now.,plain_narrative,short,10-22 words; simple syntax,en,qwen/qwen3-4b-2507,v9-gemma-local-strict-json,1,11
653,snag,"[""surprise""]","[""negative""]",surprise,The thread caught on a sharp edge and caused a sudden snag.,plain_narrative,short,10-22 words; simple syntax,en,qwen/qwen3-4b-2507,v9-gemma-local-strict-json,1,12
654,somatic,"[""surprise""]","[""negative""]",surprise,The sudden movement caused a strong somatic jolt in my body.,plain_narrative,short,10-22 words; simple syntax,en,qwen/qwen3-4b-2507,v9-gemma-local-strict-json,1,11
655,splash,"[""surprise""]",[],surprise,A huge water splash unexpectedly hit the glass surface loudly.,plain_narrative,short,10-22 words; simple syntax,en,qwen/qwen3-4b-2507,v9-gemma-local-strict-json,1,10
656,stagger,"[""surprise""]",[],surprise,The old bridge began to stagger under the heavy load suddenly.,plain_narrative,short,10-22 words; simple syntax,en,qwen/qwen3-4b-2507,v9-gemma-local-strict-json,1,11
657,startling,"[""surprise""]",[],surprise,A sudden loud noise was truly startling to everyone nearby.,plain_narrative,short,10-22 words; simple syntax,en,qwen/qwen3-4b-2507,v9-gemma-local-strict-json,1,10
658,stealth,"[""surprise""]",[],surprise,The cat moved with stealth across the dark floorboards quickly.,plain_narrative,short,10-22 words; simple syntax,en,qwen/qwen3-4b-2507,v9-gemma-local-strict-json,1,10
659,stealthily,"[""surprise""]",[],surprise,He crept stealthily around the corner to see what was hidden.,plain_narrative,short,10-22 words; simple syntax,en,qwen/qwen3-4b-2507,v9-gemma-local-strict-json,1,11
660,subito,"[""surprise""]",[],surprise,The unexpected sound came subito from the dark corner.,plain_narrative,short,10-22 words; simple syntax,en,qwen/qwen3-4b-2507,v9-gemma-local-strict-json,1,9
661,sudden,"[""surprise""]",[],surprise,A sudden flash of light startled everyone in the room.,plain_narrative,short,10-22 words; simple syntax,en,qwen/qwen3-4b-2507,v9-gemma-local-strict-json,1,10
662,suddenly,"[""surprise""]",[],surprise,"The light changed suddenly, causing a sharp intake of breath.",plain_narrative,short,10-22 words; simple syntax,en,qwen/qwen3-4b-2507,v9-gemma-local-strict-json,1,10
663,surge,"[""surprise""]",[],surprise,A sudden surge of water splashed over the entire surface unexpectedly.,plain_narrative,short,10-22 words; simple syntax,en,qwen/qwen3-4b-2507,v9-gemma-local-strict-json,1,11
664,surprised,"[""surprise""]",[],surprise,The sudden noise truly surprised everyone in the room now.,plain_narrative,short,10-22 words; simple syntax,en,qwen/qwen3-4b-2507,v9-gemma-local-strict-json,1,10
665,surprising,"[""surprise""]",[],surprise,That unexpected turn proved quite surprising to the audience.,plain_narrative,short,10-22 words; simple syntax,en,qwen/qwen3-4b-2507,v9-gemma-local-strict-json,1,9
666,thwart,"[""surprise""]","[""negative""]",surprise,The sudden obstacle did thwart the entire plan completely now.,plain_narrative,short,10-22 words; simple syntax,en,qwen/qwen3-4b-2507,v9-gemma-local-strict-json,1,10
667,topple,"[""surprise""]",[],surprise,The tall tower began to topple over with a loud crash.,plain_narrative,short,10-22 words; simple syntax,en,qwen/qwen3-4b-2507,v9-gemma-local-strict-json,1,11
668,trick,"[""surprise""]","[""negative""]",surprise,The magician performed a sudden trick that shocked everyone present.,plain_narrative,short,10-22 words; simple syntax,en,qwen/qwen3-4b-2507,v9-gemma-local-strict-json,1,10
669,trip,"[""surprise""]",[],surprise,He took a clumsy trip over the unexpected puddle and fell.,plain_narrative,short,10-22 words; simple syntax,en,qwen/qwen3-4b-2507,v9-gemma-local-strict-json,1,11
670,trump,"[""surprise""]",[],surprise,The unexpected trump card shocked everyone in the room deeply.,plain_narrative,short,10-22 words; simple syntax,en,qwen/qwen3-4b-2507,v9-gemma-local-strict-json,1,10
671,uncover,"[""surprise""]",[],surprise,They tried to uncover the secret truth with great suddenness.,plain_narrative,short,10-22 words; simple syntax,en,qwen/qwen3-4b-2507,v9-gemma-local-strict-json,1,10
672,unforeseen,"[""surprise""]",[],surprise,The sudden loud noise was completely unforeseen by everyone present now.,plain_narrative,short,10-22 words; simple syntax,en,qwen/qwen3-4b-2507,v9-gemma-local-strict-json,1,11
673,unguarded,"[""surprise""]",[],surprise,His unguarded reaction showed a complete shock at the unexpected turn.,plain_narrative,short,10-22 words; simple syntax,en,qwen/qwen3-4b-2507,v9-gemma-local-strict-json,1,11
674,unintended,"[""surprise""]",[],surprise,The sudden loud noise was an unintended shock to everyone nearby.,plain_narrative,short,10-22 words; simple syntax,en,qwen/qwen3-4b-2507,v9-gemma-local-strict-json,1,11
675,unique,"[""surprise""]","[""positive""]",surprise,That strange pattern showed a truly unique shape in the painting.,plain_narrative,short,10-22 words; simple syntax,en,qwen/qwen3-4b-2507,v9-gemma-local-strict-json,1,11
676,vanish,"[""surprise""]",[],surprise,The light suddenly began to vanish from sight completely now.,plain_narrative,short,10-22 words; simple syntax,en,qwen/qwen3-4b-2507,v9-gemma-local-strict-json,1,10
677,variable,"[""surprise""]",[],surprise,This strange variable caused the whole machine to suddenly vanish.,plain_narrative,short,10-22 words; simple syntax,en,qwen/qwen3-4b-2507,v9-gemma-local-strict-json,1,10
678,wild,"[""surprise""]","[""negative""]",surprise,The sudden movement was truly wild and unexpected on the screen.,plain_narrative,short,10-22 words; simple syntax,en,qwen/qwen3-4b-2507,v9-gemma-local-strict-json,1,11
679,zany,"[""surprise""]",[],surprise,That strange behavior seemed very zany and caused a big jump.,plain_narrative,short,10-22 words; simple syntax,en,qwen/qwen3-4b-2507,v9-gemma-local-strict-json,1,11
680,accidentally,"[""surprise""]",[],surprise,I accidentally dropped the glass onto the floor with a loud crash.,plain_narrative,short,10-22 words; simple syntax,en,qwen/qwen3-4b-2507,v9-gemma-local-strict-json,1,12
681,astonishingly,"[""surprise""]","[""positive""]",surprise,The view was astonishingly beautiful from that high cliff edge.,plain_narrative,short,10-22 words; simple syntax,en,qwen/qwen3-4b-2507,v9-gemma-local-strict-json,1,10
682,camouflaged,"[""surprise""]",[],surprise,The animal was camouflaged perfectly against the green leaves now.,plain_narrative,short,10-22 words; simple syntax,en,qwen/qwen3-4b-2507,v9-gemma-local-strict-json,1,10
683,chance,"[""surprise""]",[],surprise,What a sudden chance it was to find the lost treasure chest.,plain_narrative,short,10-22 words; simple syntax,en,qwen/qwen3-4b-2507,v9-gemma-local-strict-json,1,12
684,coincidence,"[""surprise""]",[],surprise,What a strange coincidence happened right then and there now.,plain_narrative,short,10-22 words; simple syntax,en,qwen/qwen3-4b-2507,v9-gemma-local-strict-json,1,10
685,differently,"[""surprise""]",[],surprise,The result appeared completely differently than expected before.,plain_narrative,short,10-22 words; simple syntax,en,qwen/qwen3-4b-2507,v9-gemma-local-strict-json,1,8
686,diversion,"[""surprise""]","[""positive""]",surprise,The sudden loud noise was a complete diversion from the quiet room.,plain_narrative,short,10-22 words; simple syntax,en,qwen/qwen3-4b-2507,v9-gemma-local-strict-json,1,12
687,hermaphrodite,"[""surprise""]","[""negative""]",surprise,Seeing the unusual shape caused a moment of pure surprise.,plain_narrative,short,10-22 words; simple syntax,en,qwen/qwen3-4b-2507,v9-gemma-local-strict-json,1,10
688,illusion,"[""surprise""]","[""negative""]",surprise,The sudden light created a strange illusion in my eyes now.,plain_narrative,short,10-22 words; simple syntax,en,qwen/qwen3-4b-2507,v9-gemma-local-strict-json,1,11
689,improvisation,"[""surprise""]",[],surprise,His quick improvisation completely changed the entire performance unexpectedly.,plain_narrative,short,10-22 words; simple syntax,en,qwen/qwen3-4b-2507,v9-gemma-local-strict-json,1,9
690,incontinence,"[""surprise""]",[],surprise,The sudden loss showed complete incontinence during the test.,plain_narrative,short,10-22 words; simple syntax,en,qwen/qwen3-4b-2507,v9-gemma-local-strict-json,1,9
691,inexplicable,"[""surprise""]","[""negative""]",surprise,That strange event was completely inexplicable to everyone present.,plain_narrative,short,10-22 words; simple syntax,en,qwen/qwen3-4b-2507,v9-gemma-local-strict-json,1,9
692,judgment,"[""surprise""]",[],surprise,The sudden announcement caused a moment of complete surprise and shock.,plain_narrative,short,10-22 words; simple syntax,en,qwen/qwen3-4b-2507,v9-gemma-local-strict-json,1,11
693,nab,"[""surprise""]","[""negative""]",surprise,He took a big nab and looked completely stunned by the unexpected turn.,plain_narrative,short,10-22 words; simple syntax,en,qwen/qwen3-4b-2507,v9-gemma-local-strict-json,1,13
694,originality,"[""surprise""]","[""positive""]",surprise,The artwork showed true originality that shocked everyone present immediately.,plain_narrative,short,10-22 words; simple syntax,en,qwen/qwen3-4b-2507,v9-gemma-local-strict-json,1,10
695,overestimate,"[""surprise""]",[],surprise,He tried to overestimate the difficulty but the task was much simpler.,plain_narrative,short,10-22 words; simple syntax,en,qwen/qwen3-4b-2507,v9-gemma-local-strict-json,1,12
696,perchance,"[""surprise""]",[],surprise,perhaps the sudden noise caused a great shock to everyone nearby.,plain_narrative,short,10-22 words; simple syntax,en,qwen/qwen3-4b-2507,v9-gemma-local-strict-json,1,11
697,polarity,"[""surprise""]",[],surprise,the sharp change in polarity surprised the entire audience unexpectedly.,plain_narrative,short,10-22 words; simple syntax,en,qwen/qwen3-4b-2507,v9-gemma-local-strict-json,1,10
698,pop,"[""surprise""]","[""negative""]",surprise,The balloon made a sudden pop with a loud sound today.,plain_narrative,short,10-22 words; simple syntax,en,qwen/qwen3-4b-2507,v9-gemma-local-strict-json,1,11
699,postponement,"[""surprise""]","[""negative""]",surprise,The game's postponement caused a big surprise among the fans.,plain_narrative,short,10-22 words; simple syntax,en,qwen/qwen3-4b-2507,v9-gemma-local-strict-json,1,10
700,abacus,"[""trust""]",[],trust,The old abacus showed the correct calculation for the ledger entry.,plain_narrative,short,10-22 words; simple syntax,en,qwen/qwen3-4b-2507,v9-gemma-local-strict-json,1,11
701,abbot,"[""trust""]",[],trust,The respected abbot offered guidance with complete sincerity to the community.,plain_narrative,short,10-22 words; simple syntax,en,qwen/qwen3-4b-2507,v9-gemma-local-strict-json,1,11
702,academic,"[""trust""]","[""positive""]",trust,The professor's academic research showed complete reliability and truthfulness.,plain_narrative,short,10-22 words; simple syntax,en,qwen/qwen3-4b-2507,v9-gemma-local-strict-json,1,9
703,accord,"[""trust""]","[""positive""]",trust,We reached an accord that built a strong foundation of mutual confidence.,plain_narrative,short,10-22 words; simple syntax,en,qwen/qwen3-4b-2507,v9-gemma-local-strict-json,1,12
704,account,"[""trust""]",[],trust,I shared my personal account details with the reliable person now.,plain_narrative,short,10-22 words; simple syntax,en,qwen/qwen3-4b-2507,v9-gemma-local-strict-json,1,11
705,accountant,"[""trust""]",[],trust,The accountant provided clear records that built my confidence.,plain_narrative,short,10-22 words; simple syntax,en,qwen/qwen3-4b-2507,v9-gemma-local-strict-json,1,9
706,accounts,"[""trust""]",[],trust,I trust these financial accounts completely for my savings now.,plain_narrative,short,10-22 words; simple syntax,en,qwen/qwen3-4b-2507,v9-gemma-local-strict-json,1,10
707,accredited,"[""trust""]","[""positive""]",trust,The accredited certification shows they are reliable and trustworthy.,plain_narrative,short,10-22 words; simple syntax,en,qwen/qwen3-4b-2507,v9-gemma-local-strict-json,1,9
708,accurate,"[""trust""]","[""positive""]",trust,The report showed an accurate count of all the items needed for the project.,plain_narrative,short,10-22 words; simple syntax,en,qwen/qwen3-4b-2507,v9-gemma-local-strict-json,1,14
709,adhering,"[""trust""]",[],trust,She was adhering strictly to the instructions provided by the expert consultant.,plain_narrative,short,10-22 words; simple syntax,en,qwen/qwen3-4b-2507,v9-gemma-local-strict-json,1,12
710,admiral,"[""trust""]","[""positive""]",trust,The admiral showed great integrity during the difficult mission briefing.,plain_narrative,short,10-22 words; simple syntax,en,qwen/qwen3-4b-2507,v9-gemma-local-strict-json,1,10
711,admire,"[""trust""]","[""positive""]",trust,I truly admire the admiral's calm leadership in crisis situations.,plain_narrative,short,10-22 words; simple syntax,en,qwen/qwen3-4b-2507,v9-gemma-local-strict-json,1,10
712,admissible,"[""trust""]","[""positive""]",trust,The document was admissible for the court hearing today.,plain_narrative,short,10-22 words; simple syntax,en,qwen/qwen3-4b-2507,v9-gemma-local-strict-json,1,9
713,advice,"[""trust""]",[],trust,I followed the expert's advice and the outcome was positive.,plain_narrative,short,10-22 words; simple syntax,en,qwen/qwen3-4b-2507,v9-gemma-local-strict-json,1,10
714,advisable,"[""trust""]","[""positive""]",trust,It is advisable to follow these steps for a safe outcome now.,plain_narrative,short,10-22 words; simple syntax,en,qwen/qwen3-4b-2507,v9-gemma-local-strict-json,1,12
715,advise,"[""trust""]","[""positive""]",trust,She will advise the client on the best course of action clearly.,plain_narrative,short,10-22 words; simple syntax,en,qwen/qwen3-4b-2507,v9-gemma-local-strict-json,1,12
716,advised,"[""trust""]",[],trust,The expert advised a careful approach to the complex situation today.,plain_narrative,short,10-22 words; simple syntax,en,qwen/qwen3-4b-2507,v9-gemma-local-strict-json,1,11
717,adviser,"[""trust""]","[""positive""]",trust,I sought guidance from the trusted adviser on the important decision.,plain_narrative,short,10-22 words; simple syntax,en,qwen/qwen3-4b-2507,v9-gemma-local-strict-json,1,11
718,advocate,"[""trust""]",[],trust,She will advocate for the new plan with great confidence now.,plain_narrative,short,10-22 words; simple syntax,en,qwen/qwen3-4b-2507,v9-gemma-local-strict-json,1,11
719,affirm,"[""trust""]","[""positive""]",trust,He will affirm his commitment to the agreement clearly today.,plain_narrative,short,10-22 words; simple syntax,en,qwen/qwen3-4b-2507,v9-gemma-local-strict-json,1,10
720,agreeable,"[""trust""]","[""positive""]",trust,The person was very agreeable when discussing the contract terms today.,plain_narrative,short,10-22 words; simple syntax,en,qwen/qwen3-4b-2507,v9-gemma-local-strict-json,1,11
721,agreed,"[""trust""]","[""positive""]",trust,We both agreed on the plan after reviewing all the necessary documents.,plain_narrative,short,10-22 words; simple syntax,en,qwen/qwen3-4b-2507,v9-gemma-local-strict-json,1,12
722,agreeing,"[""trust""]","[""positive""]",trust,We were agreeing on the plan for the new project together now.,plain_narrative,short,10-22 words; simple syntax,en,qwen/qwen3-4b-2507,v9-gemma-local-strict-json,1,12
723,akin,"[""trust""]",[],trust,Her sincerity was akin to a solid foundation of belief.,plain_narrative,short,10-22 words; simple syntax,en,qwen/qwen3-4b-2507,v9-gemma-local-strict-json,1,10
724,allied,"[""trust""]","[""positive""]",trust,The team felt allied after sharing important confidential information today.,plain_narrative,short,10-22 words; simple syntax,en,qwen/qwen3-4b-2507,v9-gemma-local-strict-json,1,10
725,ally,"[""trust""]","[""positive""]",trust,She became a trusted ally when facing the difficult situation alone.,plain_narrative,short,10-22 words; simple syntax,en,qwen/qwen3-4b-2507,v9-gemma-local-strict-json,1,11
726,ambassador,"[""trust""]","[""positive""]",trust,The ambassador showed great sincerity during the important meeting today.,plain_narrative,short,10-22 words; simple syntax,en,qwen/qwen3-4b-2507,v9-gemma-local-strict-json,1,10
727,ancestral,"[""trust""]",[],trust,The ancestral traditions guided the community's decision with deep confidence.,plain_narrative,short,10-22 words; simple syntax,en,qwen/qwen3-4b-2507,v9-gemma-local-strict-json,1,10
728,answerable,"[""trust""]",[],trust,The clerk was very answerable when I asked about the return policy.,plain_narrative,short,10-22 words; simple syntax,en,qwen/qwen3-4b-2507,v9-gemma-local-strict-json,1,12
729,antifungal,"[""trust""]","[""positive""]",trust,This cream is antifungal and will surely help my skin condition.,plain_narrative,short,10-22 words; simple syntax,en,qwen/qwen3-4b-2507,v9-gemma-local-strict-json,1,11
730,antiseptic,"[""trust""]","[""positive""]",trust,The clean antiseptic smell showed a promise of healing care for the patient.,plain_narrative,short,10-22 words; simple syntax,en,qwen/qwen3-4b-2507,v9-gemma-local-strict-json,1,13
731,apologetic,"[""trust""]","[""positive""]",trust,His apologetic tone built confidence in the agreement between them.,plain_narrative,short,10-22 words; simple syntax,en,qwen/qwen3-4b-2507,v9-gemma-local-strict-json,1,10
732,apostle,"[""trust""]","[""positive""]",trust,The apostle showed great faith in the new leader's promise of truth.,plain_narrative,short,10-22 words; simple syntax,en,qwen/qwen3-4b-2507,v9-gemma-local-strict-json,1,12
733,apostolic,"[""trust""]",[],trust,The apostolic blessing confirmed the agreement between the parties.,plain_narrative,short,10-22 words; simple syntax,en,qwen/qwen3-4b-2507,v9-gemma-local-strict-json,1,9
734,apprentice,"[""trust""]",[],trust,The apprentice showed complete faith in the mentor's guidance always.,plain_narrative,short,10-22 words; simple syntax,en,qwen/qwen3-4b-2507,v9-gemma-local-strict-json,1,10
735,arbiter,"[""trust""]",[],trust,The arbiter made a fair decision that everyone accepted.,plain_narrative,short,10-22 words; simple syntax,en,qwen/qwen3-4b-2507,v9-gemma-local-strict-json,1,9
736,arbitrator,"[""trust""]",[],trust,The arbitrator made a fair decision that built strong confidence in the outcome.,plain_narrative,short,10-22 words; simple syntax,en,qwen/qwen3-4b-2507,v9-gemma-local-strict-json,1,13
737,armory,"[""trust""]",[],trust,She felt secure knowing the valuable items were kept in the trusted armory.,plain_narrative,short,10-22 words; simple syntax,en,qwen/qwen3-4b-2507,v9-gemma-local-strict-json,1,13
738,assembly,"[""trust""]","[""positive""]",trust,The careful assembly showed a strong sense of reliability to everyone present.,plain_narrative,short,10-22 words; simple syntax,en,qwen/qwen3-4b-2507,v9-gemma-local-strict-json,1,12
739,asserting,"[""trust""]","[""positive""]",trust,She was asserting her truth in the meeting with complete confidence.,plain_narrative,short,10-22 words; simple syntax,en,qwen/qwen3-4b-2507,v9-gemma-local-strict-json,1,11
740,assessor,"[""trust""]",[],trust,The assessor showed complete faith in the final report's accuracy now.,plain_narrative,short,10-22 words; simple syntax,en,qwen/qwen3-4b-2507,v9-gemma-local-strict-json,1,11
741,assignee,"[""trust""]",[],trust,The assignee accepted the task with full confidence in the guidance provided.,plain_narrative,short,10-22 words; simple syntax,en,qwen/qwen3-4b-2507,v9-gemma-local-strict-json,1,12
742,associate,"[""trust""]","[""positive""]",trust,I associate this person with complete reliability and honesty now.,plain_narrative,short,10-22 words; simple syntax,en,qwen/qwen3-4b-2507,v9-gemma-local-strict-json,1,10
743,assure,"[""trust""]",[],trust,She will assure me that the agreement is completely secure today.,plain_narrative,short,10-22 words; simple syntax,en,qwen/qwen3-4b-2507,v9-gemma-local-strict-json,1,11
744,assured,"[""trust""]","[""positive""]",trust,The mechanic assured me the repair would be done correctly now.,plain_narrative,short,10-22 words; simple syntax,en,qwen/qwen3-4b-2507,v9-gemma-local-strict-json,1,11
745,assuredly,"[""trust""]",[],trust,She assuredly handed over the documents for my review.,plain_narrative,short,10-22 words; simple syntax,en,qwen/qwen3-4b-2507,v9-gemma-local-strict-json,1,9
746,attendant,"[""trust""]","[""positive""]",trust,The attendant showed me the correct documents with great assurance.,plain_narrative,short,10-22 words; simple syntax,en,qwen/qwen3-4b-2507,v9-gemma-local-strict-json,1,10
747,attentive,"[""trust""]","[""positive""]",trust,The attentive helper followed all the instructions precisely for me.,plain_narrative,short,10-22 words; simple syntax,en,qwen/qwen3-4b-2507,v9-gemma-local-strict-json,1,10
748,attest,"[""trust""]","[""positive""]",trust,She will attest to the truth of the signed document now.,plain_narrative,short,10-22 words; simple syntax,en,qwen/qwen3-4b-2507,v9-gemma-local-strict-json,1,11
749,aunt,"[""trust""]","[""positive""]",trust,My aunt always attests to my honesty in every situation.,plain_narrative,short,10-22 words; simple syntax,en,qwen/qwen3-4b-2507,v9-gemma-local-strict-json,1,10
750,author,"[""trust""]","[""positive""]",trust,I trust the author's words completely in this book now.,plain_narrative,short,10-22 words; simple syntax,en,qwen/qwen3-4b-2507,v9-gemma-local-strict-json,1,10
751,authorize,"[""trust""]",[],trust,She will authorize the payment after reviewing the document.,plain_narrative,short,10-22 words; simple syntax,en,qwen/qwen3-4b-2507,v9-gemma-local-strict-json,1,9
752,automatic,"[""trust""]",[],trust,"The system worked automatic, showing complete reliability to the user.",plain_narrative,short,10-22 words; simple syntax,en,qwen/qwen3-4b-2507,v9-gemma-local-strict-json,1,10
753,axiom,"[""trust""]",[],trust,"This principle is an axiom, establishing a strong foundation of belief.",plain_narrative,short,10-22 words; simple syntax,en,qwen/qwen3-4b-2507,v9-gemma-local-strict-json,1,11
754,axiomatic,"[""trust""]",[],trust,The agreement felt axiomatic because the facts were undeniable and true.,plain_narrative,short,10-22 words; simple syntax,en,qwen/qwen3-4b-2507,v9-gemma-local-strict-json,1,11
755,babysitter,"[""trust""]",[],trust,I trusted the babysitter completely with my child during the entire evening.,plain_narrative,short,10-22 words; simple syntax,en,qwen/qwen3-4b-2507,v9-gemma-local-strict-json,1,12
756,backer,"[""trust""]",[],trust,The reliable backer showed great faith in the project's success today.,plain_narrative,short,10-22 words; simple syntax,en,qwen/qwen3-4b-2507,v9-gemma-local-strict-json,1,11
757,badge,"[""trust""]",[],trust,Receiving the official badge confirmed his earned position of confidence.,plain_narrative,short,10-22 words; simple syntax,en,qwen/qwen3-4b-2507,v9-gemma-local-strict-json,1,10
758,bank,"[""trust""]",[],trust,I deposited my money safely at the local bank branch today.,plain_narrative,short,10-22 words; simple syntax,en,qwen/qwen3-4b-2507,v9-gemma-local-strict-json,1,11
759,banker,"[""trust""]",[],trust,The experienced banker assured me the transaction was completely secure.,plain_narrative,short,10-22 words; simple syntax,en,qwen/qwen3-4b-2507,v9-gemma-local-strict-json,1,10
760,bargain,"[""trust""]","[""positive""]",trust,We struck a good bargain on the used antique furniture today.,plain_narrative,short,10-22 words; simple syntax,en,qwen/qwen3-4b-2507,v9-gemma-local-strict-json,1,11
761,bartender,"[""trust""]",[],trust,The friendly bartender served the drink exactly as requested.,plain_narrative,short,10-22 words; simple syntax,en,qwen/qwen3-4b-2507,v9-gemma-local-strict-json,1,9
762,barter,"[""trust""]",[],trust,They agreed to barter services for needed supplies in the market.,plain_narrative,short,10-22 words; simple syntax,en,qwen/qwen3-4b-2507,v9-gemma-local-strict-json,1,11
763,base,"[""trust""]",[],trust,She felt secure knowing the foundation was solid and base.,plain_narrative,short,10-22 words; simple syntax,en,qwen/qwen3-4b-2507,v9-gemma-local-strict-json,1,10
764,bedrock,"[""trust""]","[""positive""]",trust,Her promise felt like a solid bedrock supporting our entire future plan.,plain_narrative,short,10-22 words; simple syntax,en,qwen/qwen3-4b-2507,v9-gemma-local-strict-json,1,12
765,believed,"[""trust""]",[],trust,I truly believed the agreement would hold true for everyone involved.,plain_narrative,short,10-22 words; simple syntax,en,qwen/qwen3-4b-2507,v9-gemma-local-strict-json,1,11
766,believer,"[""trust""]",[],trust,She is a true believer in the company's honest promises now.,plain_narrative,short,10-22 words; simple syntax,en,qwen/qwen3-4b-2507,v9-gemma-local-strict-json,1,11
767,believing,"[""trust""]","[""positive""]",trust,He is deeply believing in the plan we have set together.,plain_narrative,short,10-22 words; simple syntax,en,qwen/qwen3-4b-2507,v9-gemma-local-strict-json,1,11
768,benefactor,"[""trust""]","[""positive""]",trust,The generous benefactor provided the needed funds for the project.,plain_narrative,short,10-22 words; simple syntax,en,qwen/qwen3-4b-2507,v9-gemma-local-strict-json,1,10
769,bequest,"[""trust""]",[],trust,She accepted the valuable bequest from her respected relative.,plain_narrative,short,10-22 words; simple syntax,en,qwen/qwen3-4b-2507,v9-gemma-local-strict-json,1,9
770,blanket,"[""trust""]",[],trust,The soft blanket offered a sense of complete security during the long night.,plain_narrative,short,10-22 words; simple syntax,en,qwen/qwen3-4b-2507,v9-gemma-local-strict-json,1,13
771,bodyguard,"[""trust""]","[""positive""]",trust,The trusted bodyguard ensured everyone felt completely safe at the event.,plain_narrative,short,10-22 words; simple syntax,en,qwen/qwen3-4b-2507,v9-gemma-local-strict-json,1,11
772,brother,"[""trust""]","[""positive""]",trust,"My brother always keeps his promises, which builds my trust deeply.",plain_narrative,short,10-22 words; simple syntax,en,qwen/qwen3-4b-2507,v9-gemma-local-strict-json,1,11
773,budget,"[""trust""]",[],trust,"We shared the budget transparently, showing complete faith in each other.",plain_narrative,short,10-22 words; simple syntax,en,qwen/qwen3-4b-2507,v9-gemma-local-strict-json,1,11
774,bursary,"[""trust""]",[],trust,The student received the bursary for their necessary school fees now.,plain_narrative,short,10-22 words; simple syntax,en,qwen/qwen3-4b-2507,v9-gemma-local-strict-json,1,11
775,butler,"[""trust""]","[""positive""]",trust,The trusted butler handled the important documents with great care.,plain_narrative,short,10-22 words; simple syntax,en,qwen/qwen3-4b-2507,v9-gemma-local-strict-json,1,10
776,bylaw,"[""trust""]",[],trust,Following the bylaw ensured everyone felt secure in the agreement.,plain_narrative,short,10-22 words; simple syntax,en,qwen/qwen3-4b-2507,v9-gemma-local-strict-json,1,10
777,cabinet,"[""trust""]","[""positive""]",trust,The strong cabinet showed a reliable structure for the important documents.,plain_narrative,short,10-22 words; simple syntax,en,qwen/qwen3-4b-2507,v9-gemma-local-strict-json,1,11
778,calculator,"[""trust""]","[""positive""]",trust,The accurate calculator showed the correct final numbers for everyone to trust.,plain_narrative,short,10-22 words; simple syntax,en,qwen/qwen3-4b-2507,v9-gemma-local-strict-json,1,12
779,canons,"[""trust""]",[],trust,Following the established canons gave us confidence in the procedure.,plain_narrative,short,10-22 words; simple syntax,en,qwen/qwen3-4b-2507,v9-gemma-local-strict-json,1,10
780,caretaker,"[""trust""]","[""positive""]",trust,The dedicated caretaker showed complete faith in the new person.,plain_narrative,short,10-22 words; simple syntax,en,qwen/qwen3-4b-2507,v9-gemma-local-strict-json,1,10
781,cashier,"[""trust""]",[],trust,I trusted the cashier to handle my important money safely.,plain_narrative,short,10-22 words; simple syntax,en,qwen/qwen3-4b-2507,v9-gemma-local-strict-json,1,10
782,center,"[""trust""]","[""positive""]",trust,I placed my hope right in the center of their promise now.,plain_narrative,short,10-22 words; simple syntax,en,qwen/qwen3-4b-2507,v9-gemma-local-strict-json,1,12
783,certify,"[""trust""]",[],trust,The official document will certify our agreement with complete faith.,plain_narrative,short,10-22 words; simple syntax,en,qwen/qwen3-4b-2507,v9-gemma-local-strict-json,1,10
784,chairman,"[""trust""]","[""positive""]",trust,The chairman signed the document showing complete faith in the agreement.,plain_narrative,short,10-22 words; simple syntax,en,qwen/qwen3-4b-2507,v9-gemma-local-strict-json,1,11
785,chairwoman,"[""trust""]","[""positive""]",trust,"The chairwoman offered her assurance, building strong confidence in the plan.",plain_narrative,short,10-22 words; simple syntax,en,qwen/qwen3-4b-2507,v9-gemma-local-strict-json,1,11
786,chancellor,"[""trust""]",[],trust,The chancellor signed the important document with great assurance and trust.,plain_narrative,short,10-22 words; simple syntax,en,qwen/qwen3-4b-2507,v9-gemma-local-strict-json,1,11
787,chaplain,"[""trust""]",[],trust,"The chaplain offered comfort, building deep trust with the worried people.",plain_narrative,short,10-22 words; simple syntax,en,qwen/qwen3-4b-2507,v9-gemma-local-strict-json,1,11
788,chart,"[""trust""]",[],trust,The clear chart showed the accurate growth of the investment. This reliable chart built strong confidence in the plan.,plain_narrative,short,10-22 words; simple syntax,en,qwen/qwen3-4b-2507,v9-gemma-local-strict-json,1,19
789,chronicle,"[""trust""]","[""positive""]",trust,We read the chronicle of their successful partnership together. This detailed chronicle showed complete faith in the outcome.,plain_narrative,short,10-22 words; simple syntax,en,qwen/qwen3-4b-2507,v9-gemma-local-strict-json,1,18
790,clan,"[""trust""]",[],trust,The family clan showed deep loyalty during the difficult time.,plain_narrative,short,10-22 words; simple syntax,en,qwen/qwen3-4b-2507,v9-gemma-local-strict-json,1,10
791,clerical,"[""trust""]","[""positive""]",trust,The clerical worker handled the important documents with great care.,plain_narrative,short,10-22 words; simple syntax,en,qwen/qwen3-4b-2507,v9-gemma-local-strict-json,1,10
792,coach,"[""trust""]",[],trust,The experienced coach showed complete trust in the new player's abilities.,plain_narrative,short,10-22 words; simple syntax,en,qwen/qwen3-4b-2507,v9-gemma-local-strict-json,1,11
793,coalesce,"[""trust""]",[],trust,The separate ideas began to coalesce into a single strong agreement.,plain_narrative,short,10-22 words; simple syntax,en,qwen/qwen3-4b-2507,v9-gemma-local-strict-json,1,11
794,coax,"[""trust""]",[],trust,She tried to coax the shy animal closer to her hand gently now.,plain_narrative,short,10-22 words; simple syntax,en,qwen/qwen3-4b-2507,v9-gemma-local-strict-json,1,13
795,coexisting,"[""trust""]",[],trust,The two friends seemed to coexist peacefully during the long quiet afternoon.,plain_narrative,short,10-22 words; simple syntax,en,qwen/qwen3-4b-2507,v9-gemma-local-strict-json,1,12
796,cogent,"[""trust""]","[""positive""]",trust,"His explanation was cogent, making me fully trust his words now.",plain_narrative,short,10-22 words; simple syntax,en,qwen/qwen3-4b-2507,v9-gemma-local-strict-json,1,11
797,cohesive,"[""trust""]","[""positive""]",trust,"The team showed a cohesive effort, building complete trust between members.",plain_narrative,short,10-22 words; simple syntax,en,qwen/qwen3-4b-2507,v9-gemma-local-strict-json,1,11
798,collateral,"[""trust""]",[],trust,The agreement secured the collateral for the entire project successfully.,plain_narrative,short,10-22 words; simple syntax,en,qwen/qwen3-4b-2507,v9-gemma-local-strict-json,1,10
799,colonel,"[""trust""]","[""positive""]",trust,The colonel showed his commitment by securing the necessary collateral.,plain_narrative,short,10-22 words; simple syntax,en,qwen/qwen3-4b-2507,v9-gemma-local-strict-json,1,10
